,link,text,date,No_of_Likes,No_of_tweets
0,https://twitter.com/marilynandsarah/status/1727099597221138593#m,I meditate on your precepts and consider your ways. Psalm 119:15 #Reliance,"Nov 21, 2023 ┬╖ 11:00 PM UTC",43,1
1,https://twitter.com/Lakshay54593421/status/1727098700814819546#m,#RELIANCE POWER   be a little careful with this stock   1)if it opens exactly at21.45 try to exit as soon as possible 2) if it opens below 21.45 and going up both targets gets unlocked but only as per your risk 3) if it opens above 21.45 and goes up try to exit b/w 21.75 - 21.90,"Nov 21, 2023 ┬╖ 10:56 PM UTC",3,0
2,https://twitter.com/mandageakash/status/1727086987805335867#m,#INFY #TCS #RELIANCE were called out in #NVDA earnings call. Interesting ... !,"Nov 21, 2023 ┬╖ 10:10 PM UTC",1,0
3,https://twitter.com/stoleclip/status/1727086261096386870#m,уАРInstagramцЫ┤цЦ░уАСуВ╣уГИуГ╝уГлуБзуГлуГ╝уГЧуВТф╜ЬуБгуБжуВпуГкуГГуГЧуБзчХЩуВБуБжуАБхеешбМуБНуБоуБВуВЛшбицГЕуБлуАВ ч╣Кч┤░уБкщАПуБЛуБЧцибцзШуБоуГРуГйуБоуВпуГкуГГуГЧуБМуВ│уГ╝уГЗуВгуГНуГ╝уГИуВТуВиуГмуВмуГ│уГИуБлх╜йуВКуБ╛уБЩуАВ (уВ╣уГИуГ╝уГлуВ╡уВдуВ║100├Ч190cm) #уВ╣уГИуГ╝уГлуВпуГкуГГуГЧуАА#уВ╣уВлуГ╝уГХуВпуГкуГГуГЧуАА#уГкуГйуВдуВвуГ│уВ╣уАА#reliance https://instagram.com/reliance_stoleclip?igshid=NGVhN2U2NjQ0Yg%3D%3D&utm_source=qr,"Nov 21, 2023 ┬╖ 10:07 PM UTC",0,0
4,https://twitter.com/marilynandsarah/status/1727069435419033695#m,"We can all experience and enjoy GodтАЩs best, but we have to be fully surrendered to Him. ~Marilyn Hickey #Reliance","Nov 21, 2023 ┬╖ 9:00 PM UTC",15,0
5,https://twitter.com/h507or/status/1727053202875638213#m,WoowЁЯШиЁЯШи https://youtu.be/1_Ss98cgEK8?si=imk8DdqXg7k0osvU #Reliance,"Nov 21, 2023 ┬╖ 7:55 PM UTC",0,0
6,https://twitter.com/SujitEditor12/status/1727053161645707426#m,#NewsUpdate  Top most Industrialist #MukheshAmbani Termed CM WestBengal #MamataBanerjee as a firelady and an announcement of investment Rs 20000 crore From #Reliance group in #Bengal.Former #IndianCricket Captain #SauravGanguly has been appointed Brand Ambassador of #WestBengal.,"Nov 21, 2023 ┬╖ 7:55 PM UTC",2,0
7,https://twitter.com/oceanalgo_com/status/1727051071946895712#m,Future of Trading is Here  Start your Algo Trading for FREE: moneymakers-algo.com #BREAKOUTSTOCKS #stockmarkets #100CrforIndia #Reliance #TataTechnologies #IPOAlert,"Nov 21, 2023 ┬╖ 7:47 PM UTC",0,0
8,https://twitter.com/syed_hashmis/status/1727050699467534584#m,"""We plan to invest an #additional тВ╣20,000 crore in the next 3 years [in the state],"" he said. He #further added, ""#Reliance will leave no stone #unturned to #accelerate #WestBengal's growth.""","Nov 21, 2023 ┬╖ 7:45 PM UTC",0,0
9,https://twitter.com/syed_hashmis/status/1727050690021974263#m,"#Reliance Industries Chairman Mukesh Ambani, while #speaking at the Bengal #Global Business Summit, said the company has #invested nearly 45,000 crore in #WestBengal so far.","Nov 21, 2023 ┬╖ 7:45 PM UTC",0,1
10,https://twitter.com/syed_hashmis/status/1727050685089558941#m,"#Reliance to invest тВ╣20,000 cr more in West Bengal in 3 yrs: Ambani #Reliance","Nov 21, 2023 ┬╖ 7:45 PM UTC",0,1
11,https://twitter.com/RelianceHIE/status/1727039174967234883#m,"Reliance and other Health Information Exchanges prioritize safeguarding patient data, implementing robust measures, and adapting security to address emerging threats, ensuring trust in health information exchange. Learn more: https://zurl.co/jeUo #Reliance #HIESolutions","Nov 21, 2023 ┬╖ 7:00 PM UTC",0,0
12,https://twitter.com/DevanRaichura/status/1727033900848025638#m,"#MamtaDidi should teach #RahulGandhi that #Industrialists and #Businessmen were, are and will always be an integral part of a Nation/State's development. Period. #Tata #Ambani #Reliance #Adani #Birla","Nov 21, 2023 ┬╖ 6:39 PM UTC",0,0
13,https://twitter.com/amitava0112/status/1727033773307609563#m,Mukesh Ambani announces investment plans in Bengal... https://trends450.blogspot.com/2023/11/mukesh-ambani-announces-investment.html?spref=tw #MamataBanerjee #MukeshAmbani #sanjeevgoenka #BGBS2023 #BGBS #newtown #Kolkata #WestBengal #RelianceIndustries #Reliance #Jio #BusinessNews #Markets #stockmarkets #INDvAUS #ICCWorldCup2023,"Nov 21, 2023 ┬╖ 6:38 PM UTC",0,0
14,https://twitter.com/SauravP02058432/status/1727032956957659199#m,F&O Data ЁЯРВ  Clients ЁЯР╗  Pro ЁЯР╗  Fii ЁЯРВ   Dii Mixed  FOLLOW FOR MORE CONTENT https://chat.whatsapp.com/IyoSUZmEwA8KyzqEKKe3m2 #optionbuying #nifty #DowJones #niftyOptions #Reliance #BREAKOUTSTOCKS #sharemarket #GIFTNIFTY #StockMarketindia #SwingTrading #OptionsTrading #fiidata #nifty50 #CrudeOil #FII,"Nov 21, 2023 ┬╖ 6:35 PM UTC",2,1
15,https://twitter.com/PABAT_Academy/status/1727031337423716446#m,#Kuantum might manifest #buying #pressure near 174.40  #GANN #Nifty #Banknifty #StockMarket #Reliance #RelianceJio #AdaniGroup #adaniports #adani,"Nov 21, 2023 ┬╖ 6:28 PM UTC",1,0
16,https://twitter.com/PABAT_Academy/status/1727030145381478483#m,#OFSS might manifest #buying #pressure near 4118.50  #GANN #Nifty #Banknifty #StockMarket #Reliance #RelianceJio #AdaniGroup #adaniports #adani,"Nov 21, 2023 ┬╖ 6:24 PM UTC",1,0
17,https://twitter.com/PABAT_Academy/status/1727029435701006598#m,#Paras might manifest #buying #pressure near 691.40  #GANN #Nifty #Banknifty #StockMarket #Reliance #RelianceJio #AdaniGroup #adaniports #adani,"Nov 21, 2023 ┬╖ 6:21 PM UTC",1,0
18,https://twitter.com/JituKaler/status/1727028481383665692#m,Just see the security of #MukeshAmbani   Ultra High level.ЁЯлгЁЯТлЁЯТл  #Reliance #JioCinema,"Nov 21, 2023 ┬╖ 6:17 PM UTC",0,0
19,https://twitter.com/PABAT_Academy/status/1727028353503543672#m,#TCS might manifest #buying #pressure near 3481.10  #GANN #Nifty #Banknifty #StockMarket #Reliance #RelianceJio #AdaniGroup #adaniports #adani,"Nov 21, 2023 ┬╖ 6:17 PM UTC",1,0
20,https://twitter.com/PABAT_Academy/status/1727027512822358527#m,#Suntv might manifest #buying #pressure near 653.10  #GANN #Nifty #Banknifty #StockMarket #Reliance #RelianceJio #AdaniGroup #adaniports #adani,"Nov 21, 2023 ┬╖ 6:13 PM UTC",1,0
21,https://twitter.com/PABAT_Academy/status/1727026779100193006#m,#Sbicard might manifest #buying #pressure near 730.80  #GANN #Nifty #Banknifty #StockMarket #Reliance #RelianceJio #AdaniGroup #adaniports #adani,"Nov 21, 2023 ┬╖ 6:10 PM UTC",1,0
22,https://twitter.com/VikasSo75032776/status/1727026125380182115#m,"Mukesh Ambani at the Bengal Global Biz Summit:   #Reliance Ind plans to invest Rs 20,000 cr in the digital, retail and bio energy sectors in West Bengal","Nov 21, 2023 ┬╖ 6:08 PM UTC",0,1
23,https://twitter.com/PABAT_Academy/status/1727025102049669314#m,#Aptecht might manifest #buying #pressure near 248.75  #GANN #Nifty #Banknifty #StockMarket #Reliance #RelianceJio #AdaniGroup #adaniports #adani,"Nov 21, 2023 ┬╖ 6:04 PM UTC",1,0
24,https://twitter.com/thehindubiz/status/1727024109664579973#m,"#Reliance Industries will invest тВ╣20,000 crore in West Bengal in the next three years, companyтАЩs chairman and managing director Mukesh Ambani said in Kolkata on Tuesday. @shivsahays https://trib.al/bYdG2AC","Nov 21, 2023 ┬╖ 6:00 PM UTC",1,0
25,https://twitter.com/PABAT_Academy/status/1727024065364533277#m,#Torntpower hit a high of 821.05 and was advised to be bought at 816.60. ЁЯСНЁЯСНЁЯСНЁЯСНЁЯСН  #GANN #Nifty #Banknifty #StockMarket #Reliance #RelianceJio #AdaniGroup #adaniports #adani,"Nov 21, 2023 ┬╖ 5:59 PM UTC",1,0
26,https://twitter.com/PABAT_Academy/status/1727023189837111310#m,#Apollohosp hit a high of 5497.00 and was advised to be bought at 5439.75. ЁЯСНЁЯСНЁЯСНЁЯСНЁЯСН  #GANN #Nifty #Banknifty #StockMarket #Reliance #RelianceJio #AdaniGroup #adaniports #adani,"Nov 21, 2023 ┬╖ 5:56 PM UTC",1,0
27,https://twitter.com/htTweets/status/1727023030084550927#m,#Reliance to invest additional тВ╣20K Cr in Bengal in 3 years: Mukesh Ambani  https://www.hindustantimes.com/cities/kolkata-news/reliance-to-invest-additional-rs-20k-cr-in-bengal-in-3-years-mukesh-ambani-101700588645102.html,"Nov 21, 2023 ┬╖ 5:55 PM UTC",141,4
28,https://twitter.com/PABAT_Academy/status/1727022437890740290#m,#SRF hit a high of 2358.60 and was advised to be bought at 2339.00. ЁЯСНЁЯСНЁЯСНЁЯСНЁЯСН  #GANN #Nifty #Banknifty #StockMarket #Reliance #RelianceJio #AdaniGroup #adaniports #adani,"Nov 21, 2023 ┬╖ 5:53 PM UTC",1,0
29,https://twitter.com/bharatxpresurdu/status/1727021322637856834#m,Chitrakoot News: ┌Ж╪к╪▒┌й┘И┘╣ ┘Е█М┌║ ╪о┘И┘Б╪з┘Ж┌й ╪н╪з╪п╪л█Б 5 █Б┘Д╪з┌й https://urdu.bharatexpress.com/regional/accident-in-chitrakoot-5-dead-6-critical-mha-63351 #Chitrakoot #IndianFootball #FIFAWorldCupQualifiers #BabarLaughed #ImranKhan #EnforcementDirectorate #TaapseePannu #100CrforIndia #Reliance #MukeshAmbani #Binance #ShakibAlHasan #рдкрдиреМрддреА #100CrforIndia #byjus,"Nov 21, 2023 ┬╖ 5:49 PM UTC",0,0
30,https://twitter.com/Ankur280986/status/1727021152017748012#m,Date 21.11.2023  Titan (weekly chart)    #titan #banknifty #nifty #FOMC #SEBI #IPOAlert #xauusd #Binance #BREAKOUTSTOCKS #stockmarkets #Reliance #VerifiedBySensibull #TataTechnologies #nvidia #NFTs #Bitcoin #investing #crude #inflation #usdinr #tesla,"Nov 21, 2023 ┬╖ 5:48 PM UTC",1,1
31,https://twitter.com/RampJat89147/status/1727021028633989605#m,#Reliance Industries chairman #MukeshAmbani has proposed to renovate Kalighat Temple in #Kolkata as part of their larger CSR. тАЬItтАЩs very under construction Sky walk bridge leading to the temple by the state government will continue as it is.#MukeshAmbani,"Nov 21, 2023 ┬╖ 5:47 PM UTC",4,0
32,https://twitter.com/bschoolbulls/status/1727020598558404616#m,"Anil Ambani News, Anil AmbaniтАЩs debt ridden company finally sold, know who is the buyer тАУ RBI approves Hinduja group entity acquisition of reliance capital  #bschools #stock #stockmarket #industry #mba #bba #bcom #bba #gdm #pgpm #internship #sharemarket #reliance #anilambani #rbi","Nov 21, 2023 ┬╖ 5:46 PM UTC",1,0
33,https://twitter.com/sbn_co/status/1727018108874055996#m,Nifty - Open Interest Analysis - 21 Nov'23  #sensibull #Nifty #ADANIENT #ASIANPAINT #BAJAJFINSV #BHARTIARTL #BPCL #BRITANNIA #HCLTECH #HDFCBANK #HEROMOTOCO #HINDUNILVR #INFY #ITC #LT #MARUTI #NESTLEIND #NTPC #ONGC #POWERGRID #RELIANCE #SUNPHARMA #TATACONSUM #TATAMOTORS #TATASTEEL,"Nov 21, 2023 ┬╖ 5:36 PM UTC",1,0
34,https://twitter.com/gujratsamachar/status/1727015978553516188#m,"ркорлБркХрлЗрк╢ ркЕркВркмрк╛ркгрлАркирлБркВ ркорлЛркЯрлБркВ ркПрк▓рк╛рки, рккрк╢рлНркЪрк┐рко ркмркВркЧрк╛рк│ркорк╛ркВ 20 рк╣ркЬрк╛рк░ ркХрк░рлЛркбркирлБркВ рк░рлЛркХрк╛ркг ркХрк░рк╢рлЗ рк░рк┐рк▓рк╛ркпркирлНрк╕ ркИркирлНркбрк╕рлНркЯрлНрк░рлАркЭ  #WestBengalGlobalBusinessSummit2023 #MukeshAmbani #RelianceIndustries #MamataBanerjee #WestBengal #Reliance https://www.gujaratsamachar.com/news/business/west-bengal-global-business-summit-2023-mukesh-ambani-reliance-industries-cm-mamata-banerjee","Nov 21, 2023 ┬╖ 5:27 PM UTC",5,0
35,https://twitter.com/dwivediachyut41/status/1727015746340081887#m,"#Reliance #MukeshAmbani  West Bengal рдореЗрдВ 20 рд╣рдЬрд╛рд░ рдХрд░реЛрдбрд╝ рдХрд╛ рдирд┐рд╡реЗрд╢ рдХрд░реЗрдЧреА Reliance, Mukesh Ambani рдХрд╛ рдмрдбрд╝рд╛ рдПрд▓рд╛рди https://www.jagran.com/west-bengal/kolkata-reliance-will-invest-rs-20-thousand-crores-in-west-bengal-mukesh-ambani-big-announcement-23585986.html","Nov 21, 2023 ┬╖ 5:26 PM UTC",0,0
36,https://twitter.com/tradingbucks/status/1727015658154758438#m,Havells Chart is looking GoodЁЯТе Must study ЁЯУК For education purposes onlyЁЯЩМ  For more learning Join in free telegram group.  https://t.me/tradingbucks01 #stocks #trading #StocksToBuy #StocksInFocus #sharemarket #stockmarkets #Traders #Nifty #Reliance #BREAKOUTSTOCKS #finnifty,"Nov 21, 2023 ┬╖ 5:26 PM UTC",1,0
37,https://twitter.com/kumarmohit95/status/1727014959794802712#m,It's almost 230 hours since 41 workers got trapped in an under-construction tunnel in #Uttarakhand #uttarakhandtunnelcollapse #uttarakhandtunnel #tunnelcollapse #Reliance #MukeshAmbani #TataTechnologies #INDQAT #IndianFootball #100CrforIndia #byjus #EnforcementDirectorate,"Nov 21, 2023 ┬╖ 5:23 PM UTC",1,0
38,https://twitter.com/_tapabrata_jana/status/1727013498981634168#m,"#Reliance Industries chairman #MukeshAmbani has proposed to renovate Kalighat Temple in #Kolkata as part of their larger CSR. тАЬItтАЩs very close to mine and NitaтАЩs heartтАЭ, said Mukesh Ambani. While Reliance will do the renovation & restoration of the Temple premises,","Nov 21, 2023 ┬╖ 5:17 PM UTC",1,0
39,https://twitter.com/News18Jammu/status/1727012593246822600#m,"#Watch | 'рд░рд┐рд▓рд╛рдпрдВрд╕ рдЕрдЧрд▓реЗ рддреАрди рд╡рд░реНрд╖реЛрдВ рдореЗрдВ рдкрд╢реНрдЪрд┐рдо рдмрдВрдЧрд╛рд▓ рдореЗрдВ тВ╣20,000 рдХрд░реЛрдбрд╝ рдХрд╛ рдирд┐рд╡реЗрд╢ рдХрд░реЗрдЧреА' - рд░рд┐рд▓рд╛рдпрдВрд╕ рдЗрдВрдбрд╕реНрдЯреНрд░реАрдЬ рдХреЗ рдЪреЗрдпрд░рдореИрди рдореБрдХреЗрд╢ рдЕрдВрдмрд╛рдиреА рдиреЗ рдмрдВрдЧрд╛рд▓ рдЧреНрд▓реЛрдмрд▓ рдмрд┐рдЬрдиреЗрд╕ рд╕рдорд┐рдЯ рдХрд╛рд░реНрдпрдХреНрд░рдо рдореЗрдВ рдХрд╣рд╛...  #MukeshAmbani #Reliance #WestBengal #RILChairman #BengalGlobalBusinessSummit2023 #MamataBanerjee","Nov 21, 2023 ┬╖ 5:14 PM UTC",2,0
40,https://twitter.com/RLIMSMADURAI/status/1727011776099999759#m,ЁЯУИ Breaking Business News ЁЯТ╝ Stay ahead in the corporate world with the latest updates. ЁЯТб #businessnews #economictrends #stayinformed #mba_rlims #rlimsmadurai #recession #G20Summit #Reliance 23h,"Nov 21, 2023 ┬╖ 5:11 PM UTC",1,0
41,https://twitter.com/News18Himachal/status/1727011352001249772#m,"#Watch | 'рд░рд┐рд▓рд╛рдпрдВрд╕ рдЕрдЧрд▓реЗ рддреАрди рд╡рд░реНрд╖реЛрдВ рдореЗрдВ рдкрд╢реНрдЪрд┐рдо рдмрдВрдЧрд╛рд▓ рдореЗрдВ тВ╣20,000 рдХрд░реЛрдбрд╝ рдХрд╛ рдирд┐рд╡реЗрд╢ рдХрд░реЗрдЧреА' - рд░рд┐рд▓рд╛рдпрдВрд╕ рдЗрдВрдбрд╕реНрдЯреНрд░реАрдЬ рдХреЗ рдЪреЗрдпрд░рдореИрди рдореБрдХреЗрд╢ рдЕрдВрдмрд╛рдиреА рдиреЗ рдмрдВрдЧрд╛рд▓ рдЧреНрд▓реЛрдмрд▓ рдмрд┐рдЬрдиреЗрд╕ рд╕рдорд┐рдЯ рдХрд╛рд░реНрдпрдХреНрд░рдо рдореЗрдВ рдХрд╣рд╛...  #MukeshAmbani #Reliance #WestBengal #RILChairman #BengalGlobalBusinessSummit2023 #MamataBanerjee","Nov 21, 2023 ┬╖ 5:09 PM UTC",1,0
42,https://twitter.com/Er_dilip_rawal/status/1727009772493504604#m,Jio network is too poor at my area.pls improve it fast. I and many customers of my area are facing this problem for last 2 months. #MukeshAmbani #Reliance  #,"Nov 21, 2023 ┬╖ 5:03 PM UTC",0,0
43,https://twitter.com/sbn_co/status/1727009362202472865#m,Nifty - Technical Analysis - 22 Nov'23  #Nifty #ADANIENT #ASIANPAINT #BAJAJFINSV #BHARTIARTL #BPCL #BRITANNIA #HCLTECH #HDFCBANK #HEROMOTOCO #HINDUNILVR #INFY #ITC #LT #MARUTI #NESTLEIND #NTPC #ONGC #POWERGRID #RELIANCE #SUNPHARMA #TATACONSUM #TATAMOTORS #TATASTEEL #TCS #TECHM,"Nov 21, 2023 ┬╖ 5:01 PM UTC",0,0
44,https://twitter.com/News18Ladakh/status/1727008754485571828#m,"#Watch | 'Reliance to invest тВ╣20,000 crore in West Bengal in next three years' - Reliance Industries Chairman Mukesh Ambani says at Bengal Global Business Summit event...   #MukeshAmbani #Reliance #WestBengal #RILChairman #BengalGlobalBusinessSummit2023 #MamataBanerjee","Nov 21, 2023 ┬╖ 4:59 PM UTC",0,0
45,https://twitter.com/tradingbucks/status/1727008468639645959#m,KNR Construction Chart is looking GoodЁЯТе Must stud ЁЯУК   For more learning Join in free telegram group.  https://t.me/tradingbucks01 #stocks #trading #StocksToBuy #StocksInFocus #sharemarket #stockmarkets #Traders #Nifty #Reliance #BREAKOUTSTOCKS #finnifty,"Nov 21, 2023 ┬╖ 4:57 PM UTC",1,0
46,https://twitter.com/News18Kashmir/status/1727007523805565088#m,"#Watch | 'Reliance to invest тВ╣20,000 crore in West Bengal in next three years' - Reliance Industries Chairman Mukesh Ambani says at Bengal Global Business Summit event...  #MukeshAmbani #Reliance #WestBengal #BengalGlobalBusinessSummit2023 #RILChairman #MamataBanerjee","Nov 21, 2023 ┬╖ 4:54 PM UTC",0,0
47,https://twitter.com/MoneyBuddy_/status/1727007105918574794#m,"Never overbuy any particular stock... Even if it looks superb..  I invest a maximum of 5% of my portfolio in one stock...   Again, depends on ur individual risk appetite though ..  #stockmarkets #Reliance #BREAKOUTSTOCKS #finnifty #TradingView #investing","Nov 21, 2023 ┬╖ 4:52 PM UTC",2,0
48,https://twitter.com/stoxtrainer/status/1727005973599105078#m,ЁЯУИ Stock: #PGEL ЁЯСЙ Entry taken at 2196 (Oct 24) ЁЯСЙ Running Profits 9.90%  #Nifty50 #NiftyBank #sharemarket #StocksInFocus #StockMarketindia #TataTechnologies #BreakoutStocks #BullMarket #VerifiedBySensibull #StockMarket #TradingView #gold #blast #fomc #IpoAlert #Reliance,"Nov 21, 2023 ┬╖ 4:48 PM UTC",2,0
49,https://twitter.com/thebuckstopper1/status/1727005612184367266#m,Reliance Industries to invest Rs 20K crore in West Bengal over next three years  Read Story: https://www.thebuckstopper.com/reliance-industries-to-invest-rs-20k-crore-in-west-bengal-over-next-three-years/ #Reliance #WestBengal #BGBS #MukeshAmbani #investment #MamataBanerjee @reliancejio @RIL_Updates @ril_foundation,"Nov 21, 2023 ┬╖ 4:46 PM UTC",0,0
50,https://twitter.com/tradingbucks/status/1727003405200269771#m,Kalyan Jewellers Breakout + Retest DoneтЬЕЁЯТе Must study its ЁЯУК.   For more learning Join in free telegram group. https://t.me/tradingbucks01 #stocks #trading #StocksToBuy #StocksInFocus #sharemarket #stockmarkets #Traders #Nifty #Reliance #BREAKOUTSTOCKS #finnifty,"Nov 21, 2023 ┬╖ 4:37 PM UTC",1,0
51,https://twitter.com/leena_gaut57982/status/1727002505018810440#m,#Reliance #MukeshAmbani #SouravGanguly #MamtaBanerjee,"Nov 21, 2023 ┬╖ 4:34 PM UTC",0,0
52,https://twitter.com/connectnidhu/status/1727002462295646244#m,"р┤кр┤╢р╡Нр┤Ър┤┐р┤о р┤мр┤Вр┤Чр┤╛р┤│р┤┐р╡╜ р┤▒р┤┐р┤▓р┤пр╡╗р┤╕р╡Н 20,000 р┤Хр╡Лр┤Яр┤┐ р┤░р╡Вр┤к р┤ир┤┐р┤Хр╡Нр┤╖р╡Зр┤кр┤В р┤ир┤Яр┤др╡Нр┤др┤╛р╡╗ р┤ор╡Бр┤Хр╡Зр┤╖р╡Н р┤Ер┤Вр┤мр┤╛р┤ир┤┐  Via.. @nalamidamlive #Nalamidam #Jio #Mukeshambani #Reliance #Westbengal #Malayalam #News #Kerala #India #Happening Now #MalayalamNews #KeralaNews https://nalamidam.net/mukesh-ambani-to-invest-rs-20000-crore-in-reliance-west-bengal/?feed_id=53417&_unique_id=655cdbff85a2c","Nov 21, 2023 ┬╖ 4:34 PM UTC",0,0
53,https://twitter.com/nalamidamlive/status/1727002458260656257#m,"р┤кр┤╢р╡Нр┤Ър┤┐р┤о р┤мр┤Вр┤Чр┤╛р┤│р┤┐р╡╜ р┤▒р┤┐р┤▓р┤пр╡╗р┤╕р╡Н 20,000 р┤Хр╡Лр┤Яр┤┐ р┤░р╡Вр┤к р┤ир┤┐р┤Хр╡Нр┤╖р╡Зр┤кр┤В р┤ир┤Яр┤др╡Нр┤др┤╛р╡╗ р┤ор╡Бр┤Хр╡Зр┤╖р╡Н р┤Ер┤Вр┤мр┤╛р┤ир┤┐  Via.. @nalamidamlive #Nalamidam #Jio #Mukeshambani #Reliance #Westbengal #Malayalam #News #Kerala #India #Happening Now #MalayalamNews #KeralaNews https://nalamidam.net/mukesh-ambani-to-invest-rs-20000-crore-in-reliance-west-bengal/?feed_id=53416&_unique_id=655cdbfe83d59","Nov 21, 2023 ┬╖ 4:34 PM UTC",0,0
54,https://twitter.com/PARTHIB66091633/status/1727000085379289119#m,"ЁЭРБЁЭРЮЁЭРзЁЭРаЁЭРЪЁЭРе ЁЭРжЁЭРЮЁЭРЪЁЭРзЁЭРм ЁЭРБЁЭРоЁЭРмЁЭРвЁЭРзЁЭРЮЁЭРмЁЭРм тА╝я╕П  Sh. Mukesh Ambani - Chairman, Reliance Group joins The HonтАЩble CM of West Bengal, Ms. Mamata Banerjee for the inauguration of the 7th Edition of тАЬBengal Global Business Summit (BGBS)тАЭ 2023тА╝я╕П ржЬржпрж╝ ржмрж╛ржВрж▓рж╛ ЁЯЩПЁЯП╗ #BGBS #Reliance","Nov 21, 2023 ┬╖ 4:24 PM UTC",1,0
55,https://twitter.com/FinancialSangam/status/1726999550542717223#m,Mukesh Ambani рдиреЗ рдкрд╢реНрдЪрд┐рдо рдмрдВрдЧрд╛рд▓ рдХреЛ рджреА рдХрд░реЛрдбрд╝реЛ рдХреА рд╕реМрдЧрд╛рдд #MukeshAmbani #BusinessNews #Reliance #stockmarkets https://financialsangam.in/mukesh-ambani-invested-rs-45-thousand-crore-in-west-bengal/,"Nov 21, 2023 ┬╖ 4:22 PM UTC",2,0
56,https://twitter.com/khetwanirohit/status/1726997018319712725#m,Trend change above 2400/- Keep tracking #Reliance   Looks interesting  #Nifty #TradingView #StockMarket #trading @kuttrapali26,"Nov 21, 2023 ┬╖ 4:12 PM UTC",2,0
57,https://twitter.com/Hunting_Techi/status/1726993727384924604#m,#Reliance appears all set to show upmove.. pattern skin to H&S... watchout.... No Recommendation...not a trained advisor...following┬а hobby.. have vested interest..   #tradings #TechnicalAnalysis #Nifty #Investment #Swingtrading,"Nov 21, 2023 ┬╖ 3:59 PM UTC",3,0
58,https://twitter.com/TV9Marathi/status/1726992412130828411#m,"рдореБрдХреЗрд╢ рдЕрдВрдмрд╛рдиреА рдордорддрд╛ рдмреЕрдирд░реНрдЬреА рдпрд╛рдВрдЪреНрдпрд╛рд╡рд░ рдореЗрд╣рд░рдмрд╛рди, рдмрдВрдЧрд╛рд▓рдордзреНрдпреЗ 20000 рдХреЛрдЯреАрдВрдЪреА рдЧреБрдВрддрд╡рдгреВрдХ рдХрд░рдгрд╛рд░  https://www.tv9marathi.com/web-stories/national/mukesh-ambani-reliance-company-will-invest-20-thousand-crore-rupees-in-west-bengal #MukeshAmbani #Reliance #MamtaBanerjee","Nov 21, 2023 ┬╖ 3:54 PM UTC",5,1
59,https://twitter.com/TV9Bharatvarsh/status/1726991743751733491#m,"рд░рд┐рд▓рд╛рдпрдВрд╕ рдЗрдВрдбрд╕реНрдЯреНрд░реАрдЬ рдкрд╢реНрдЪрд┐рдо рдмрдВрдЧрд╛рд▓ рдореЗрдВ рдХрд░реЗрдЧреА 20,000 рдХрд░реЛрдбрд╝ рдХрд╛ рдмрдбрд╝рд╛ рдирд┐рд╡реЗрд╢   #Reliance #MamataBanerjee #MukeshAmbani https://www.tv9hindi.com/business/mukesh-ambani-reliance-industries-will-invest-additional-rs-20000-crore-in-west-bengal-2239627.html","Nov 21, 2023 ┬╖ 3:51 PM UTC",7,1
60,https://twitter.com/News18Kannada/status/1726991334836477978#m,https://kannada.news18.com/news/business/mukesh-ambani-has-announced-that-reliance-will-invest-20-thousand-crore-rupees-in-west-bengal-ach-1453570.html р▓кр▓╢р│Нр▓Ър▓┐р▓о р▓мр▓Вр▓Чр▓╛р▓│р▓жр▓▓р│Нр▓▓р▓┐ р▓╣р│Жр▓Ър│Нр▓Ър│Бр▓╡р▓░р▓┐ 20 р▓╕р▓╛р▓╡р▓┐р▓░ р▓Хр│Лр▓Яр▓┐ р▓╣р│Вр▓бр▓┐р▓Хр│Жр▓Чр│Ж р▓ор│Бр▓Вр▓жр▓╛р▓ж р▓░р▓┐р▓▓р▓пр▓ир│Нр▓╕р│Н! #WestBengal #Reliance #MukeshAmbani #Jio #BengalBusinessSummit #KannadaNews,"Nov 21, 2023 ┬╖ 3:49 PM UTC",2,0
61,https://twitter.com/News18Kerala/status/1726989385802056183#m,2023 р┤▓р╡Ж р┤мр┤Вр┤Чр┤╛р╡╛ р┤Чр╡Нр┤▓р╡Лр┤мр╡╜ р┤мр┤┐р┤╕р┤┐р┤ир┤╕р╡Н р┤Йр┤Ър╡Нр┤Ър┤Хр╡Лр┤Яр┤┐р┤пр┤┐р╡╜ (Bengal Global Business Summit 2023) р┤кр┤Щр╡Нр┤Хр╡Жр┤Яр╡Бр┤др╡Нр┤др╡Н р┤╕р┤Вр┤╕р┤╛р┤░р┤┐р┤Хр╡Нр┤Хр╡Бр┤Хр┤пр┤╛р┤пр┤┐р┤░р╡Бр┤ир╡Нр┤ир╡Б р┤Ер┤жр╡Нр┤жр╡Зр┤╣р┤В. #Reliance #mukeshambani #WestBengal https://malayalam.news18.com/news/money/reliance-industries-to-invest-additional-rs-20000-cr-in-west-bengal-says-ril-chairman-mukesh-ambani-ak-gh-639209.html,"Nov 21, 2023 ┬╖ 3:42 PM UTC",1,0
62,https://twitter.com/Meher___says/status/1726988954682229025#m,рдЖрдУ рджреЛрд╕реНрддреЛрдВ рдпреЛрдЧрд╛ рд╕реАрдЦреЗрдВ ЁЯШ╗ЁЯдгЁЯдг #AnuragTheLovingJoker #100CrforIndia #IndianFootball #Reliance #ShahRukhKhan #SalmanKhan #Dunki,"Nov 21, 2023 ┬╖ 3:40 PM UTC",32,7
63,https://twitter.com/SNSingh89060157/status/1726988940417376676#m,#JIO team has nor resolved the problem of slow speed where as the complaint no. is closed. If speed is not increased there is no alternate except to change the subscriber. Pls advise. #Reliance,"Nov 21, 2023 ┬╖ 3:40 PM UTC",0,0
64,https://twitter.com/tradingbucks/status/1726988687173713951#m,Ashok Leyland Chart is looking GoodЁЯТе Must studyЁЯУК  For more learning Join in free telegram group. https://t.me/tradingbucks01 #stocks #trading #StocksToBuy #StocksInFocus #sharemarket #stockmarkets #Traders #Nifty #Reliance #BREAKOUTSTOCKS,"Nov 21, 2023 ┬╖ 3:39 PM UTC",2,0
65,https://twitter.com/bojlurRaha32596/status/1726988590947909826#m,"#Reliance Industries to invest additional тВ╣20,000 cr in #Bengal in 3 years","Nov 21, 2023 ┬╖ 3:39 PM UTC",0,0
66,https://twitter.com/Chandrashekar5M/status/1726988454851195047#m,Tilaknagar 280 still more to go 10x stock  #muhurattrading #nifty #finnifty #OptionsTrading #sensex #NiftyBank #nifty50 #banknifty #sensex #hdfc #priceaction #reliance #niftybank #stockmarkets,"Nov 21, 2023 ┬╖ 3:38 PM UTC",0,0
67,https://twitter.com/DestinedMusk/status/1726988414925545814#m,Entry is important but Exit is paramount. Holding on to positions till they change trend is important.  #Reliance spread calls giving handsome returns. The risk was just Rs23 and max profit Rs 60.  #Nifty #optiontrading #Optionselling #stockmarkets #sensex #VerifiedBySensibull,"Nov 21, 2023 ┬╖ 3:38 PM UTC",6,3
68,https://twitter.com/Chandrashekar5M/status/1726987541021368805#m,This is balaya babu favorite stock mansion house  See the stock #jaibalaya #Balakrishna  Still very very attractive at 280 do more average till 200   I keep my target of 1000-1500  #nifty #finnifty #OptionsTrading #sensex #nifty50 #banknifty #sensex #hdfc #priceaction #reliance,"Nov 21, 2023 ┬╖ 3:34 PM UTC",0,0
69,https://twitter.com/youaskabhi/status/1726986823631859742#m,Signal generated by #HACP on 21 Nov 23   #SUNTV #ASTRAL #AUBANK #AUROPHARMA #BALKRISIND #COFORGE #INDUSTOWER #IOC #OBEROIRLTY #OFSS #RECLTD #VerifiedBySensibull #OptionsTrading #stockmarkets #trading #daytrading #Cryptocurency #BREAKOUTSTOCKS #Reliance #IPOAlert,"Nov 21, 2023 ┬╖ 3:31 PM UTC",2,1
70,https://twitter.com/oxbigworld/status/1726985151849365737#m,"Reliance will invest Rs 20,000 crore in Bengal in the next three years, Mukesh Ambani announced https://oxbig.com/reliance-will-invest-rs-20000-crore-in-bengal-in-the-next-three-years-mukesh-ambani-announced/ #Reliance #RelianceIndustries #reliancejio #MukeshAmbani #Jio","Nov 21, 2023 ┬╖ 3:25 PM UTC",0,0
71,https://twitter.com/TradeIPL/status/1726980941955178650#m,"#Nifty50 Nov 21, 2023 EOD  EOD View: https://t.me/iNiftyLevel  ЁЯСЙLearn #Nifty & #Stocks Prediction with Key #Trading Levels Identification at #StockMarket Open.  #NiftyReport #NiftyTrading #CrudeOil #GiftNifty #FIIDIIData #Reliance #TCS #Covid #SupremeCourt #BRICS #FOMC #NCERT","Nov 21, 2023 ┬╖ 3:08 PM UTC",1,0
72,https://twitter.com/SaiUdayKumarP/status/1726978591702094176#m,@RelianceDigital - Any update ?? @BadeBrian @RIL_Updates #Reliance,"Nov 21, 2023 ┬╖ 2:59 PM UTC",0,0
73,https://twitter.com/ZeeTamilNews/status/1726976779578216953#m,роорпБроХрпЗро╖рпН роЕроорпНрокро╛ройро┐ропро┐ройрпН роЪрпКродрпНродрпБ роородро┐рокрпНрокрпБ... родро▓рпИроЪрпБродрпНродрпБродрпБ родрогрпНрогро┐ роХрпБроЯрпБроЩрпНроХрокрпНрокро╛!!   #MukeshAmbani | #Reliance https://zeenews.india.com/tamil/business-news/webstory/what-is-the-net-worth-of-mukesh-ambani-as-of-2023-see-mind-boggling-number-here-473857,"Nov 21, 2023 ┬╖ 2:52 PM UTC",0,0
74,https://twitter.com/keshwani_aryan/status/1726976072531706023#m,Participant wise F&O Activity on 21-Nov-23.  Read the detailed F&O position change analysis as attached below ЁЯСЗ.  #nifty50 #Nifty #NiftyBank #banknifty #stockmarkets #Reliance #GIFTNIFTY #StockToWatch #StocksInFocus #StocksToBuy #StockMarketindia,"Nov 21, 2023 ┬╖ 2:49 PM UTC",5,0
75,https://twitter.com/IamMahendra2020/status/1726974574661894420#m,Volume and Price Breakouts stocks: #BreakOutStocks-  - #AshokLeyland Limited - #Zee Entertainment Enterprises Limited - #GodrejProperties Limited - #Lupin Limited - #TataSteel Limited - #Titan Company Limited - #Reliance Industries Limited - #Upl Limited,"Nov 21, 2023 ┬╖ 2:43 PM UTC",0,1
76,https://twitter.com/VenkappaAmaresh/status/1726972841059610921#m,POST MARKET REPORT 21 Nov 2023  #Nifty opened gap up and kept on moving higher and trading firm.  #Reliance and #HDFCBank were the top gainers in the #Nifty pack along with other sectors like consumables.  Surprisingly #midcap and #smallcap were flat today.  1/2,"Nov 21, 2023 ┬╖ 2:36 PM UTC",0,1
77,https://twitter.com/honky_tonk/status/1726972483314798704#m,"I trust SoulтАЩs Wisdom and Love. Therefore, I go along the stream and with the stream.  щнВуБохПбцЩ║уБицДЫуВТф┐бща╝уАВ уВЖуБИуБлчзБуБпуАБц╡БуВМуБлц▓┐уБДуГ╗ц╡БуВМуБихЕ▒уБлщА▓уБ┐уБ╛уБЩуАВ  RP @3D2023 #reliance #entrust #Wisdom #love #Soul #GoingDownstream #LifeTime","Nov 21, 2023 ┬╖ 2:35 PM UTC",2,0
78,https://twitter.com/RelianceDigital/status/1726971225828630911#m,"ThereтАЩs gonna be a heist at Reliance Digital stores! If you have any clues, please please please let us know in the comments!  #guesswho #guesstheperson #Heister #Reliance #RelianceDigital #technology","Nov 21, 2023 ┬╖ 2:30 PM UTC",3,0
79,https://twitter.com/guy_curious1/status/1726970076312809512#m,"ЁЯУИЁЯТ╝ Mukesh Ambani announces a massive тВ╣20,000 crore investment in West Bengal, targeting the digital, retail, and bioenergy sectors. A significant boost for the state's economy and infrastructure. #MukeshAmbani #WestBengal #Investment #Digital #Retail #BioEnergy #Reliance","Nov 21, 2023 ┬╖ 2:25 PM UTC",0,0
80,https://twitter.com/htTweets/status/1726965334014603650#m,"#Reliance Industries to invest additional тВ╣20,000 cr in #Bengal in 3 years  https://www.hindustantimes.com/business/reliance-industries-to-invest-additional-rs-20-000-cr-in-bengal-in-3-years-101700574514545.html","Nov 21, 2023 ┬╖ 2:06 PM UTC",187,8
81,https://twitter.com/yeskannur/status/1726964234737914167#m,Check out my #RELIANCE analysis on @TradingView: https://www.tradingview.com/chart/RELIANCE/gNVLr3hQ-RIL-S-R-for-22-11-23/,"Nov 21, 2023 ┬╖ 2:02 PM UTC",1,0
82,https://twitter.com/sumalimoitra/status/1726963648982356311#m,"Days ahead of #COP28, great to hear #MukeshAmbani announce at @BengalSummit #Reliance's decision to establish a compressed #biogas unit in #WestBengal among other plans for the state. #bgbs2023 @MamataOfficial @DrShashiPanja @wbidc","Nov 21, 2023 ┬╖ 1:59 PM UTC",3,0
83,https://twitter.com/abplive/status/1726960861926117548#m,"Mukesh Ambani, chairman and managing director of Reliance Industries, announced an additional Rs 20,000-crore investment for West Bengal over the next 3 years.   Click on the ЁЯФЧ to know more: https://tinyurl.mobi/32UXU #ABPLive #Reliance #MukeshAmbani #Bengal #BusinessNews","Nov 21, 2023 ┬╖ 1:48 PM UTC",5,1
84,https://twitter.com/Panchih0/status/1726960796834619549#m,STAR #SalmanKhan arrives at #IFFI54 spreading love and warmth! тЭдя╕П  #IFFIWithDD #IFFI #рдореЛрджреАрдордп_рдЬрдпрдкреБрд░ #Reliance #SaraAliKhan #IPOAlert #Trisha #Chiranjeevi,"Nov 21, 2023 ┬╖ 1:48 PM UTC",3,0
85,https://twitter.com/OmkaraRoots/status/1726958951764505028#m,"#Reliance Industries chairman #MukeshAmbani has proposed to renovate Kalighat Temple in #Kolkata as part of their larger CSR. тАЬItтАЩs very close to mine and NitaтАЩs heartтАЭ, said Mukesh Ambani. While Reliance will do the renovation & restoration of the Temple premises,","Nov 21, 2023 ┬╖ 1:41 PM UTC",0,1
86,https://twitter.com/ravikants467/status/1726958794213896267#m,#RELIANCE looks good on the chart #idealchart #idealfinway #trading,"Nov 21, 2023 ┬╖ 1:40 PM UTC",4,0
87,https://twitter.com/MoneycontrolH/status/1726957931109978187#m,"#Reliance:рдмрдВрдЧрд╛рд▓ рдЧреНрд▓реЛрдмрд▓ рдмрд┐рдЬрдиреЗрд╕ рд╕рдорд┐рдЯ рдХрд╛рд░реНрдпрдХреНрд░рдо рдореЗрдВ рд░рд┐рд▓рд╛рдпрдВрд╕ рдЗрдВрдбрд╕реНрдЯреНрд░реАрдЬ рдХреЗ рдЪреЗрдпрд░рдореИрди рдореБрдХреЗрд╢ рдЕрдВрдмрд╛рдиреА рд╣реБрдП рд╢рд╛рдорд┐рд▓ред рдмреЛрд▓реЗ-рд░рд┐рд▓рд╛рдпрдВрд╕ рдкрд╢реНрдЪрд┐рдо рдмрдВрдЧрд╛рд▓ рдХреЗ рд╡рд┐рдХрд╛рд╕ рдХреЛ рдЧрддрд┐ рджреЗрдиреЗ рдореЗрдВ рдХреЛрдИ рдХрд╕рд░ рдирд╣реАрдВ рдЫреЛрдбрд╝реЗрдЧрд╛ред рд░рд┐рд▓рд╛рдпрдВрд╕ рдиреЗ рдкрд╢реНрдЪрд┐рдо рдмрдВрдЧрд╛рд▓ рдореЗрдВ рдХрд░реАрдм 45,000 рдХрд░реЛрдбрд╝ рд░реБрдкрдпреЗ рдХрд╛ рдирд┐рд╡реЗрд╢ рдХрд┐рдпрд╛ рд╣реИред рднрд╡рд┐рд╖реНрдп рдореЗрдВ рднреА рдирд┐рд╡реЗрд╢ рдХреА рдмрддрд╛рдИ рдпреЛрдЬрдирд╛ред","Nov 21, 2023 ┬╖ 1:37 PM UTC",30,1
88,https://twitter.com/loksaakshya/status/1726957422533820715#m,рдкрд╢реНрдЪрд┐рдо рдмрдВрдЧрд╛рд▓ рдореЗрдВ 20 рд╣рдЬрд╛рд░ рдХрд░реЛрдбрд╝ рдХрд╛ рдирд┐рд╡реЗрд╢ рдХрд░реЗрдЧреА рд░рд┐рд▓рд╛рдпрдВрд╕: рдореБрдХреЗрд╢ рдЕрдВрдмрд╛рдиреА   https://loksaakshya.com/2023/11/21/reliance-will-invest-rs-20-thousand-crore-in-west-bengal-mukesh-ambani/ #Reliance #WestBengal #MukeshAmbani #Kolkata #RelianceIndustry #BusinessNews #EconomicNews,"Nov 21, 2023 ┬╖ 1:35 PM UTC",0,0
89,https://twitter.com/TechlusiveHindi/status/1726957119076016344#m,Reliance Jio рднрд╛рд░рддреАрдп рдмрд╛рдЬрд╛рд░ рдореЗрдВ рдирдпрд╛ рд▓реИрдкрдЯреЙрдк рд▓реЙрдиреНрдЪ рдХрд░рдиреЗ рдХреА рддреИрдпрд╛рд░реА рдореЗрдВ рд▓рдЧреА рд╣реИред рдЗрд╕ рд╣реА рдмреАрдЪ рд▓реИрдкрдЯреЙрдк рд╕реЗ рдЬреБрдбрд╝реА рдЕрд╣рдо рдЬрд╛рдирдХрд╛рд░реА рд╕рд╛рдордиреЗ рдЖрдИ рд╣реИред рдЗрд╕рдХреЗ рд╕рд╛рде рд╣реА рд▓реИрдкрдЯреЙрдк рдХреА рдХреАрдордд рднреА рд▓реАрдХ рд╣реБрдИ рд╣реИред  рдкреВрд░реА рдЬрд╛рдирдХрд╛рд░реА рдХреЗ рд▓рд┐рдП: https://www.techlusive.in/hi/news/reliance-jio-tipped-to-launch-cloud-laptop-price-around-15000-report-reveals-1433938/ #Reliance #Jio #Teclusive #techupdates #TechNews,"Nov 21, 2023 ┬╖ 1:33 PM UTC",0,0
90,https://twitter.com/TradeIPL/status/1726956668108562568#m,Price action+Key Levels was enough to understand todays #Bull trap before #breakingnews #TCS to take $125 million hit to Q3 earnings over US lawsuit  #Nifty50 #stockmarkets #FOMC #Infy #LTIM #NiftyIT #BankNiftyOptions #Reliance #niftytrading #NiftyFifty https://www.livemint.com/companies/tcs-to-take-125-million-hit-to-q3-earnings-over-us-lawsuit/amp-11700568376198.html,"Nov 21, 2023 ┬╖ 1:32 PM UTC",2,0
91,https://twitter.com/EconomicTimes/status/1726956628774203855#m,'#Reliance will leave no stone unturned to accelerate #WestBengal's growth': #MukeshAmbani in #Kolkata ЁЯФЧ t.ly/MigCx,"Nov 21, 2023 ┬╖ 1:32 PM UTC",25,0
92,https://twitter.com/Rappudada/status/1726954835042590819#m,@rahulGandhi  What is your caste?  #CasteSurvey #Reliance,"Nov 21, 2023 ┬╖ 1:24 PM UTC",0,0
93,https://twitter.com/CNBCTV18News/status/1726954089341427932#m,"#BengalGlobalBusinessSummit | Mukesh Ambani says that #Reliance Industries plans to invest тВ╣20,000 crores WB over the next 3 years in digital, retail and bioenergy sectors.    #MukeshAmbani #Reliance @AITCofficial @MamataOfficial https://www.cnbctv18.com/business/companies/mukesh-ambani-reliance-industries-chairman-md-addresses-bengal-global-business-summit-2023-mamata-banerjee-present-18377331.htm","Nov 21, 2023 ┬╖ 1:21 PM UTC",2,0
94,https://twitter.com/yuvnique/status/1726954069649138056#m,"Flash:  At the #BengalGlobalBusinessSummit event, Reliance Industries chairman #MukeshAmbani said:   ""#Reliance has invested close to Rs 45,000 crores in West Bengal. We plan to invest an additional Rs 20,000 crores in the next 3 years in the state.""","Nov 21, 2023 ┬╖ 1:21 PM UTC",1,0
95,https://twitter.com/Tamal0401/status/1726952497187872975#m,"#Reliance Industries chairman #MukeshAmbani has proposed to renovate Kalighat Temple in #Kolkata as part of their larger CSR. тАЬItтАЩs very close to mine and NitaтАЩs heartтАЭ, said Mukesh Ambani. While Reliance will do the renovation & restoration of the Temple premises, the already under construction Sky walk bridge leading to the temple by the state government will continue as it is.","Nov 21, 2023 ┬╖ 1:15 PM UTC",364,51
96,https://twitter.com/LiveKhabar24x7/status/1726952340446711963#m,рдЬрд░рд╛ рдореБрдХреЗрд╢ рдЕрдВрдмрд╛рдиреА рдХреА рд╕реБрд░рдХреНрд╖рд╛ рддреЛ рджреЗрдЦрд┐рдпреЗ..  #BengalMeansBusiness #MamataBanerjee #BanglarGorboMamata #MukeshAmbani #BengalGlobalBusinessSummit #Reliance #JioCinema #Bengal #Ambani #GlobalBusinessSummit,"Nov 21, 2023 ┬╖ 1:14 PM UTC",0,0
97,https://twitter.com/moneycontrolcom/status/1726951267539525773#m,"#Reliance to invest an additional Rs 20,000 cr in 3 years in #WestBengal.   Watch RIL Chairman Mukesh Ambani's speech at the #BengalGlobalBusinessSummit 2023ЁЯУ╣  Read moreЁЯСЗ https://www.moneycontrol.com/news/business/bengal-global-business-summit-2023-reliance-invested-rs-45000-cr-in-state-says-mukesh-ambani-11783151.html #MukeshAmbani #Bengal #Ambani #GlobalBusinessSummit","Nov 21, 2023 ┬╖ 1:10 PM UTC",54,0
98,https://twitter.com/indiatvnews/status/1726951259142279237#m,"рд░рд┐рд▓рд╛рдпрдВрд╕ рдЗрдВрдбрд╕реНрдЯреНрд░реАрдЬ рдХреЗ рдЪреЗрдпрд░рдореЗрди рдФрд░ рдПрдордбреА рдореБрдХреЗрд╢ рдЕрдВрдмрд╛рдиреА рдиреЗ рдордВрдЧрд▓рд╡рд╛рд░ рдХреЛ рдмрдВрдЧрд╛рд▓ рдЧреНрд▓реЛрдмрд▓ рдмрд┐рдЬрдиреЗрд╕ рд╕рдмрдорд┐рдЯ 2023 рдореЗрдВ рдХрд╣рд╛ рдХрд┐ рд░рд┐рд▓рд╛рдпрдВрд╕ рдЗрдВрдбрд╕реНрдЯреНрд░реАрдЬ рдЕрдм рддрдХ рдмрдВрдЧрд╛рд▓ рдореЗрдВ 45,000 рдХрд░реЛрдбрд╝ рд░реБрдкрдпреЗ рд╕реЗ рдЬреНрдпрд╛рджрд╛ рдХрд╛ рдирд┐рд╡реЗрд╢ рдХрд░ рдЪреБрдХреА рд╣реИред  #WestBengal #mukeshambani #Reliance https://www.indiatv.in/paisa/business/reliance-will-invest-rs-20-000-crore-in-bengal-in-the-next-three-years-mukesh-ambani-announced-2023-11-21-1003053","Nov 21, 2023 ┬╖ 1:10 PM UTC",31,0
99,https://twitter.com/InitfusionPvt/status/1726949173357146344#m,"When clients dream big, Infusion says, 'Ho Jayega!' Your website's journey to the top begins here. ЁЯЪАЁЯФЭ  Call US: +91 9898022639 Our Website: initfusion.com . . . . #Google #MSDhoni #NehaSharma #Pant #CaptainMiller #AUSvPAK #Covid #Reliance #PMModi #SanjuSamson","Nov 21, 2023 ┬╖ 1:02 PM UTC",4,0
100,https://twitter.com/NDTVProfitHindi/status/1726948963759308845#m,"#NewsFlash | RIL рдХрд░реЗрдЧреА рдкрд╢реНрдЪрд┐рдо рдмрдВрдЧрд╛рд▓ рдореЗрдВ тВ╣45,000 рдХрд░реЛрдбрд╝ рдХрд╛ рдирд┐рд╡реЗрд╢, #MukeshAmbani рдиреЗ рдХрд┐рдпрд╛ #BengalGlobalBusinessSummit рдореЗрдВ рдРрд▓рд╛рди  Live рдкрдврд╝реЗрдВ: bit.ly/3RbNQ8g #Reliance #MamataBanerjee","Nov 21, 2023 ┬╖ 1:01 PM UTC",1,0
101,https://twitter.com/Bihar24x7News/status/1726948329496703344#m,"рдореБрдХреЗрд╢ рдЕрдВрдмрд╛рдиреА рдХреА рдЕрд╣рдо рдмрд╛рдд , рдмреЛрд▓реЗ-рд░рд┐рд▓рд╛рдпрдВрд╕ рдиреЗ рдкрд╢реНрдЪрд┐рдо рдмрдВрдЧрд╛рд▓ рдореЗрдВ рдХрд░реАрдм 45,000 рдХрд░реЛрдбрд╝ рд░реБрдкрдпреЗ рдХрд╛ рдирд┐рд╡реЗрд╢ рдХрд┐рдпрд╛ рд╣реИ |  Reliance #Reliance #Reliance #Chairman #MukeshAmbani #important #GlobalBusinesSummitProgramme #invested #45000crore #WestBengal #breakingnews #latestnews #biharnews #newsmedia #allnews #newsupdate #youtube #youtubeserach #watch #bihar24x7news","Nov 21, 2023 ┬╖ 12:59 PM UTC",1,0
102,https://twitter.com/ETNowSwadesh/status/1726947352295223531#m,"#NewsUpdate | рдЕрдЧрд▓реЗ 3 рд╕рд╛рд▓реЛрдВ рдореЗрдВ рд░рд┐рд▓рд╛рдпрдВрд╕ рдХреА рдмрдВрдЧрд╛рд▓ рдореЗрдВ тВ╣20,000 Cr рдирд┐рд╡реЗрд╢ рдХреА рдпреЛрдЬрдирд╛- #MukeshAmbani #StockMarket #Reliance #RetailStores #MarketNews","Nov 21, 2023 ┬╖ 12:55 PM UTC",24,0
103,https://twitter.com/BnzNewsNetworks/status/1726946710130405381#m,"рд░рд┐рд▓рд╛рдпрдВрд╕ рдЗрдВрдбрд╕реНрдЯреНрд░реАрдЬ рдХреЗ рдЪреЗрдпрд░рдореИрди рдореБрдХреЗрд╢ рдЕрдВрдмрд╛рдиреА рдиреЗ рдмрдВрдЧрд╛рд▓ рдЧреНрд▓реЛрдмрд▓ рдмрд┐рдЬрдиреЗрд╕ рд╕рдорд┐рдЯ рдореЗрдВ рдмреЛрд▓рддреЗ рд╣реБрдП рдХрд╣рд╛ рдХрд┐ рдХрдВрдкрдиреА рдиреЗ рдЕрдм рддрдХ рдкрд╢реНрдЪрд┐рдо рдмрдВрдЧрд╛рд▓ рдореЗрдВ рд▓рдЧрднрдЧ тВ╣45,000 рдХрд░реЛрдбрд╝ рдХрд╛ рдирд┐рд╡реЗрд╢ рдХрд┐рдпрд╛ рд╣реИред рдЙрдиреНрд╣реЛрдВрдиреЗ рдХрд╣рд╛, ""рд╣рдо рдЕрдЧрд▓реЗ 3 рд╡рд░реНрд╖реЛрдВ рдореЗрдВ [рд░рд╛рдЬреНрдп рдореЗрдВ] рдЕрддрд┐рд░рд┐рдХреНрдд тВ╣20,000 рдХрд░реЛрдбрд╝ рдирд┐рд╡реЗрд╢ рдХрд░рдиреЗ рдХреА рдпреЛрдЬрдирд╛ рдмрдирд╛ рд░рд╣реЗ рд╣реИрдВред""  #Reliance","Nov 21, 2023 ┬╖ 12:52 PM UTC",0,0
104,https://twitter.com/CNBCTV18News/status/1726945334742651165#m,#InPics | Reliance Industries  CMD Mukesh Ambani with West Bengal CM @MamataOfficial at the inauguration of #BengalGlobalBusinessSummit 2023.  #MukeshAmbani #Reliance @AITCofficial #MamataBanerjee,"Nov 21, 2023 ┬╖ 12:47 PM UTC",37,1
105,https://twitter.com/TheWeekLive/status/1726945001324654708#m,Reliance Foundation to renovate and restore #Kalighat temple in Kolkata #Reliance #MukeshAmbani https://www.theweek.in/news/biz-tech/2023/11/21/reliance-foundation-to-renovate-and-restore-kalighat-temple-in-kolkata.html https://www.theweek.in/news/biz-tech/2023/11/21/reliance-foundation-to-renovate-and-restore-kalighat-temple-in-kolkata.html,"Nov 21, 2023 ┬╖ 12:45 PM UTC",3,0
106,https://twitter.com/sm_2607/status/1726944950900945060#m,Breakout  LL and LH ko breach Kiya hai. Bullish Engulfing bhi bna tha with good volume.  #Reliance,"Nov 21, 2023 ┬╖ 12:45 PM UTC",0,0
107,https://twitter.com/marilynandsarah/status/1726944824664732029#m,"тАШDo not fear, for I am with you; do not anxiously look about you, for I am your God. I will strengthen you, surely I will help you, surely I will uphold you with My righteous right hand.тАЩ Isaiah 41:10 #Reliance","Nov 21, 2023 ┬╖ 12:45 PM UTC",51,4
108,https://twitter.com/BanglaSaradin/status/1726944706096210357#m,"#BreakingNews ржмрж╛ржВрж▓рж╛ржпрж╝ рзирзж рж╣рж╛ржЬрж╛рж░ ржХрзЛржЯрж┐ ржмрж┐ржирж┐ржпрж╝рзЛржЧ ржХрж░ржмрзЗ рж░рж┐рж▓рж╛ржпрж╝рзЗржирзНрж╕, ржмрж┐рж╢рзНржмржмрж╛ржВрж▓рж╛ ржмрж╛ржгрж┐ржЬрзНржп рж╕ржорзНржорзЗрж▓ржирзЗ ржШрзЛрж╖ржгрж╛ ржорзБржХрзЗрж╢ ржЖржорзНржмрж╛ржирж┐рж░ #investmentinbengal #reliance #relianceindustries @BengalSummit #mukeshambani #mamatabanerjee #westbengal #bgbs2023 #kolkatasaradin #reliancejio https://www.kolkatasaradin.com/2023/11/mukesh-ambani-announces-reliance-industries-will-invest-rs-20000-crores-in-west-bengal/","Nov 21, 2023 ┬╖ 12:44 PM UTC",0,0
109,https://twitter.com/Mahi_camino/status/1726944369025192313#m,(Today's Jackpots)  #ADANIENT 2200CE [53 to 88]* #ADANIPORT 810CE [15 to 19] #SBILIFE 1400CE [17 to 34]* #HDFCLIFE 660CE [8 to 17]* #TITAN 3360CE [45 to 70]* #JSWSTEEL 770CE [10 to 17] #RELIANCE 2360CE [25 to 38]* #NIFTY 17800CE [70 to 110]*,"Nov 21, 2023 ┬╖ 12:43 PM UTC",13,1
110,https://twitter.com/jindalrajesh/status/1726943753183879449#m,#BengalMeansBusiness #BengalGlobalBusinessSummit #Reliance #MukeshAmbani,"Nov 21, 2023 ┬╖ 12:40 PM UTC",1,0
111,https://twitter.com/newspatri/status/1726942005123789214#m,"#Reliance will leave no stone un-turned to accelerate #WestBengal 's growth. We plan to invest Rs 20,000 crores in the next 3 years in West Bengal"" Reliance Industries chairman #MukeshAmbani at the #BengalGlobalBusinessSummit.","Nov 21, 2023 ┬╖ 12:33 PM UTC",0,0
112,https://twitter.com/AncientStock/status/1726941622624280942#m,Fast Track to Stocks: Nifty & BankNifty Insights in 80 Seconds - 22.11.2023   #NIFTY #BANKNIFTY #SENSEX #FINNIFTY #MIDCPNIFTY #ADANIENT #LUPIN #RELIANCE #SBIN #TECHM #TVSMOTOR #UPL https://youtu.be/3pF9gP-MMt4  Just Connect With Us  https://ancientstock.carrd.co/ ЁЯСИЁЯП╗,"Nov 21, 2023 ┬╖ 12:32 PM UTC",2,0
113,https://twitter.com/kaju_boy8890/status/1726941347805114735#m,#Reliance #ambani   ЁЯЪиMukesh bhai....   Dimag wale ЁЯФеЁЯШО,"Nov 21, 2023 ┬╖ 12:31 PM UTC",5,0
114,https://twitter.com/pankaju17/status/1726941055273275855#m,"Mukesh Ambani, Chairman, #Reliance Industries with Ms Mamata Banerjee, CM, Bengal at the inaugural function of Bengal Global Business Summit 2023.  #RelianceIndustries #MukeshAmbani #BangalGlobalBusinessSummt #WestBengal","Nov 21, 2023 ┬╖ 12:30 PM UTC",4,0
115,https://twitter.com/DalRoti_Tech/status/1726941019173011944#m,21-NOV-2023 #FIIs /#FPI & #DII #Trading  activity on #NSE #nseindia #BSE #bseindia and #MSEI #stockmarkets #nifty50 #banknifty #niftyOptions #OptionsTrading #optionbuying #finnifty #SENSEX #midcpNifty #DalRoti #ALGO #algotrading #Reliance #HDFCBank #adaniwilmar #jiofin #LUPIN,"Nov 21, 2023 ┬╖ 12:29 PM UTC",3,0
116,https://twitter.com/ConnectwithJJR/status/1726939996303606050#m,#Reliance next ЁЯОп 2400 #bullrun #Bullish,"Nov 21, 2023 ┬╖ 12:25 PM UTC",0,0
117,https://twitter.com/FortuneIndia/status/1726939794239004930#m,"Reliance will invest тВ╣20,000 crore in West Bengal: Mukesh Ambani https://www.fortuneindia.com/enterprise/reliance-will-invest-20000-crore-in-west-bengal-mukesh-ambani/114806 #Reliance #BengalGlobalBusinessSummit","Nov 21, 2023 ┬╖ 12:25 PM UTC",2,0
118,https://twitter.com/NDTVProfitIndia/status/1726939599782728010#m,"#Reliance to invest Rs 20,000 crore in digital, retail, bio energy over next three years.      For the latest news and updates, visit bqprime.com","Nov 21, 2023 ┬╖ 12:24 PM UTC",6,2
119,https://twitter.com/GoodreturnsTa/status/1726938509418832032#m,роЕройро┐ро▓рпН роЕроорпНрокро╛ройро┐ роиро┐ро▒рпБро╡ройродрпНродрпИ родро░рпИ ро░рпЗроЯрпНроЯрпБроХрпНроХрпБ ро╡ро╛роЩрпНроХрпБроорпН ро╣ро┐роирпНродрпБроЬро╛ роХрпБро┤рпБроороорпН..!   https://tamil.goodreturns.in/news/hinduja-group-company-indusind-international-holdings-limited-to-acquire-the-reliance-capital-compa-038747.html #HindujaGroup #Reliance #IndusInd #роЕройро┐ро▓рпНроЕроорпНрокро╛ройро┐,"Nov 21, 2023 ┬╖ 12:20 PM UTC",0,0
120,https://twitter.com/NDTVProfitIndia/status/1726938260507947368#m,"#Reliance to invest Rs 20,000 crore in digital, retail, bio energy over next three years.  For the latest news and updates, visit bqprime.com","Nov 21, 2023 ┬╖ 12:19 PM UTC",4,1
121,https://twitter.com/TheIndianBugle/status/1726937786815816173#m,"Exciting Tech Alert!   Get the lowdown on JIO's game-changing Rs 15,000 laptop that's about to rock the technology world!  https://newbharatlive.com/reliance-jio-to-launch-affordable-cloud-based-laptops-in-india/ #JIO #Reliance #TechNews","Nov 21, 2023 ┬╖ 12:17 PM UTC",0,0
122,https://twitter.com/Jansatta/status/1726937616174731632#m,"рдореБрдХреЗрд╢ рдЕрдВрдмрд╛рдиреА рдХрд╛ рдмрдбрд╝рд╛ рдРрд▓рд╛рди- рдкрд╢реНрдЪрд┐рдо рдмрдВрдЧрд╛рд▓ рдореЗрдВ 20 рд╣рдЬрд╛рд░ рдХрд░реЛрдбрд╝ рдХрд╛ рдирд┐рд╡реЗрд╢ рдХрд░реЗрдЧреА Reliance, рд╣рд░ рдХреЛрдиреЗ рддрдХ рдкрд╣реБрдВрдЪреЗрдЧрд╛ 5G рдиреЗрдЯрд╡рд░реНрдХ   https://www.jansatta.com/business/reliance-to-invest-20000-crore-in-mamata-banerjee-west-bengal-5g-everywhere-says-mukesh-ambani/3088125/ #Reliance #MukeshAmbani #WestBengal","Nov 21, 2023 ┬╖ 12:16 PM UTC",8,0
123,https://twitter.com/Ei_Samay/status/1726935734408692184#m,ржмрж┐рж╢рзНржм ржмржЩрзНржЧ ржмрж╛ржгрж┐ржЬрзНржп рж╕ржорзНржорзЗрж▓ржирзЗ рж░рж╛ржЬрзНржпржХрзЗ рж╕рзБржЦржмрж░ рж╢рзЛржирж╛рж▓рзЗржи рж░рж┐рж▓рж╛ржпрж╝рзЗржирзНрж╕ ржЧрзНрж░рзБржкрзЗрж░ ржХрж░рзНржгржзрж╛рж░ #business #businessnews #mukeshambani #reliance #EiSamay https://eisamay.com/business/business-news/mukesh-ambani-reliance-to-renovate-kolkata-kalighat-temple-will-invest-23000-crore-in-next-3-years/articleshow/105388436.cms,"Nov 21, 2023 ┬╖ 12:08 PM UTC",0,0
124,https://twitter.com/JanbhawnaTimes/status/1726935472864453058#m,"Kolkata, West Bengal: рдмрдВрдЧрд╛рд▓ рдЧреНрд▓реЛрдмрд▓ рдмрд┐рдЬрдиреЗрд╕ рд╕рдорд┐рдЯ рдХрд╛рд░реНрдпрдХреНрд░рдо рдореЗрдВ рд░рд┐рд▓рд╛рдпрдВрд╕ рдЗрдВрдбрд╕реНрдЯреНрд░реАрдЬ рдХреЗ рдЪреЗрдпрд░рдореИрди рдореБрдХреЗрд╢ рдЕрдВрдмрд╛рдиреА рдиреЗ рдХреНрдпрд╛ рдХрд╣рд╛ ?  #Kolkata #westbengal #MamataBanerjee #MukeshAmbani #Reliance #jbtnews","Nov 21, 2023 ┬╖ 12:07 PM UTC",0,0
125,https://twitter.com/TeckAnalytics/status/1726934384371175684#m,Non stop Rally Stocks!   Follow to learn free Swing trade  on  teckanalytics.com #StockMarketindia #StockPicks #StocksToBuy #Stocks #StockMarket #nifty50 #banknifty #Trading #StockTrading #nifty #niftybank #equity #zerodha #hcltech #tcs #infy #sbin #hdfcbank #reliance,"Nov 21, 2023 ┬╖ 12:03 PM UTC",0,0
126,https://twitter.com/ZeeOdisha/status/1726933826944057576#m,рмУрмбрм╝рм┐рм╢рм╛рм░рнЗ рмЬрм┐рмУ рмПрнЯрм╛рм░рмлрм╛рмЗрммтАНрм░рнН рм╕рнЗрммрм╛ рм╢рнБрмнрм╛рм░рморнНрмн  #JioAirFiber #reliance #technews https://zeenews.india.com/hindi/zeeodisha/trending/jio-airfiber-service-launched-in-odisha/1971644,"Nov 21, 2023 ┬╖ 12:01 PM UTC",1,0
127,https://twitter.com/Drishtibhongi/status/1726932265790587154#m,ржмржбрж╝ ржШрзЛрж╖ржгрж╛ рж░рж┐рж▓рж╛ржпрж╝рзЗржирзНрж╕ ржХрж░рзНржгржзрж╛рж░ ржорзБржХрзЗрж╢ ржЖржорзНржмрж╛ржирж┐рж░  #Reliance #BGBS #BengalmeansBusiness #Investment #WestBengal #Drishtibhongi https://drishtibhongi.in/2023/11/21/mukesh-ambani-reliance-invests-45-thousand-crores-in-west-bengal-from-bgbs-2023/,"Nov 21, 2023 ┬╖ 11:55 AM UTC",1,0
128,https://twitter.com/chitralekhamag/status/1726930909696503818#m,"ркЬрк┐ркпрлЛ рклрк╛ркЗркирк╛ркирлНрк╢рк┐ркпрк▓ рк╕рк░рлНрк╡рк┐рк╕рк┐рк╕ркирлА ркмрлЛркирлНркб ркЗрк╢рлНркпрлБ ркеркХрлА рк░рлВ. 10,000 ркХрк░рлЛркбркирлА ркпрлЛркЬркирк╛...https://chitralekha.com/b6d9 #Reliance #MukeshAmbani #JioFinancialServices #BondIssue #Chitralekha","Nov 21, 2023 ┬╖ 11:49 AM UTC",0,0
129,https://twitter.com/TheStatesmanLtd/status/1726930497572630802#m,"At the #BengalGlobalBusinessSummit, #Reliance Industries chairman #MukeshAmbani says, ""Reliance Foundation has taken up an ambitious project to renovate and restore the Kalighat temple in Kolkata. We are in the process of repairing the entire temple complex including the centuries old heritage structures.""   #RelianceFoundation #thestatesman","Nov 21, 2023 ┬╖ 11:48 AM UTC",8,0
130,https://twitter.com/HTB_tweets/status/1726929454524690635#m,"Bengal Global Business Summit рдореЗрдВ рд░рд┐рд▓рд╛рдпрдВрд╕ рдЗрдВрдбрд╕реНрдЯреНрд░реАрдЬ рдХреЗ рдЪреЗрдпрд░рдореИрди рдореБрдХреЗрд╢ рдЕрдВрдмрд╛рдиреА рдиреЗ рдХрд╣рд╛, ""Reliance Foundation  рдиреЗ рдХреЛрд▓рдХрд╛рддрд╛ рдореЗрдВ рдХрд╛рд▓реАрдШрд╛рдЯ рдордВрджрд┐рд░ рдХреЗ рдирд╡реАрдиреАрдХрд░рдг рдФрд░ рдкреБрдирд░реНрд╕реНрдерд╛рдкрдирд╛ рдХреЗ рд▓рд┐рдП рдПрдХ рдорд╣рддреНрд╡рд╛рдХрд╛рдВрдХреНрд╖реА рдкрд░рд┐рдпреЛрдЬрдирд╛ рд╢реБрд░реВ рдХреА рд╣реИред  #reliance #mukheshambani","Nov 21, 2023 ┬╖ 11:44 AM UTC",1,0
131,https://twitter.com/bsindia/status/1726927686030053812#m,"#Watch | #Reliance will leave no stone unturned to accelerate West Bengal's growth. We plan to invest Rs 20,000 crores in the next 3 years in the state, says Reliance Industries chairman #MukeshAmbani at the #BengalGlobalBusinessSummit.  #WestBengal #MamataBanerjee","Nov 21, 2023 ┬╖ 11:36 AM UTC",304,9
132,https://twitter.com/RelianceDigital/status/1726926840520958183#m,"Wait, what? Does anyone have any clue who or what this is? Please let us know in the comments.  #GuessWho #comment #Reliance #RelianceDigital #Technology","Nov 21, 2023 ┬╖ 11:33 AM UTC",2,0
133,https://twitter.com/ChhupaRusta_007/status/1726925618544304590#m,#Reliance chupke se saare moving averages ke upar aa chuka hai Sloping downward  ЁЯУЙ ka breakout bhi diya hai,"Nov 21, 2023 ┬╖ 11:28 AM UTC",2,0
134,https://twitter.com/Maximaforedu/status/1726923650249724324#m,рд░рд┐рд▓рд╛рдпрдиреНрд╕ рдлрд╛рдЙрдВрдбреЗрд╢рди рдкрджрд╡реНрдпреБрддреНрддрд░ рд╢рд┐рд╖реНрдпрд╡реГрддреНрддреА  рд╢реЗрд╡рдЯрдЪреА рддрд╛рд░реАрдЦ : резрен рдбрд┐рд╕реЗрдВрдмрд░ реирежреирей  рд╢рд┐рд╖реНрдпрд╡реГрддреНрддреАрдЪреА рд░рдХреНрдХрдо: рд░реБ. рем рд▓рд╛рдЦ  рдЕрд░реНрдЬ рд▓рд┐рдВрдХ: https://maximaofficial.in/reliance-foundation-postgraduate-scholarships-marath/ #MAXIMAOFFICIAL #reliance #reliancescholarship #maxima4Education #maxima #MAXIMA4EDUCATION #educationalnews #maximaofficial,"Nov 21, 2023 ┬╖ 11:20 AM UTC",17,0
135,https://twitter.com/EconomicTimes/status/1726923118281974232#m,"#BengalGlobalBusinessSummit: #Reliance CMD #MukeshAmbani announced investment of Rs 20,000 crore in #Bengal in next 3 years. ЁЯЧЮя╕П Catch the day's latest news and updates тЮа┬а t.ly/SSOaz","Nov 21, 2023 ┬╖ 11:18 AM UTC",16,1
136,https://twitter.com/Maximaforedu/status/1726922688147677352#m,Reliance Foundation Postgraduate Scholarships  Last Date : 17th Dec 2023   Amount of scholarship : Rs. 6Lakhs   Link for application:  https://maximaofficial.in/reliance-foundation-postgraduate-scholarships/ #MAXIMAOFFICIAL #reliance #reliancescholarship #maxima4Education #maxima #MAXIMA4EDUCATION #educationalnews,"Nov 21, 2023 ┬╖ 11:17 AM UTC",1,0
137,https://twitter.com/TradeIPL/status/1726921873186013350#m,"ЁЯФФNifty50 Intraday Movement as per Prediction just at StockMarket OpenЁЯХШ  ЁЯФ╝NiftyFifty Bulls #Reliance #HDFCBank #ICICIBank #Bhartiartl #Titan ЁЯФ╗Dragger #CoalIndia #ONGC #LT #TCS #SBIN  Learn to predict & calculate Nifty, Stocks Key Levels through ""Pro-NiftyLevel Trading"" Course.","Nov 21, 2023 ┬╖ 11:13 AM UTC",2,0
138,https://twitter.com/News18Northeast/status/1726920615649833302#m,"ржмрж┐рж╢рзНржм ржмрж╛ржВрж▓рж╛ ржХржиржнрзЗржиржЪржи ржЪрзЗржгрзНржЯрж╛рз░ржд ржорзБржХрзЗрж╢ ржЖржорзНржмрж╛ржирзАред UK ржХрж╛ржгрзНржЯрзНрз░рзА ржЫрзЗржЫржиржд ржнрж╛ржЧ рж▓ржпрж╝ ржорзБржХрзЗрж╢ ржЖржорзНржмрж╛ржирзАржпрж╝рзЗ, рж▓ржЧрждрзЗ ржЬржЧржжрзНржзрж╛рждрзНрз░рзА ржкрзВржЬрж╛рждрзЛ ржнрж╛ржЧ рж▓тАЩржм ржжрзЗрж╢рз░ ржЖржЧрж╢рж╛рз░рзАрз░ ржЙржжрзНржпрзЛржЧржкрждрж┐ржЧрз░рж╛ржХрзАржпрж╝рзЗред  #MukeshAmbani #kolkata #jio #relianceindustries #biswabanglaconventioncentre #reliance","Nov 21, 2023 ┬╖ 11:08 AM UTC",1,1
139,https://twitter.com/JD_TheTrader/status/1726919307735765008#m,"Today's Profit Rs 82,875 From Option Buying https://t.me/banknifty_JD Join Our Telegram Channel #oberoirlty #titan #reliance #tatapower #hindalco #bhartiartl #polycab #lauruslabs #industower #sail #pfc #rec #ltts #nmdc #nifty #banknifty #finnifty #stocks #stockmarket #optiontrading","Nov 21, 2023 ┬╖ 11:03 AM UTC",0,0
140,https://twitter.com/thecaravanindia/status/1726918377401151917#m,"#TheGuptaPapers | SushenтАЩs documents showed that, for over a decade, the Gupta companies had been receiving commissions from manufacturers for defence production done by #HAL. Now, they hoped to build a larger structure over #Reliance.  @nileenams тЬНя╕П https://caravanmagazine.in/reportage/gupta-papers-rafale-deal-agusta-westland-sushen-gupta","Nov 21, 2023 ┬╖ 11:00 AM UTC",2,0
141,https://twitter.com/CNBCTV18News/status/1726913188866998371#m,#Reliance Industries CMD #MukeshAmbani attends the 7th edition of the #BengalGlobalBusinessSummit in #Kolkata. The #WestBengal government is expected to announce several policy measures at the summit in an effort to attract #investments,"Nov 21, 2023 ┬╖ 10:39 AM UTC",32,3
142,https://twitter.com/TheWealthelite/status/1726911853526499742#m,"#Banks, #Reliance drive #Sensex 276 points higher; #Nifty above 19,750 #BEML surges 7%, #TataInvestment down 5%  No recommendation","Nov 21, 2023 ┬╖ 10:34 AM UTC",0,0
143,https://twitter.com/ammaskailash/status/1726909803338047871#m,#RELIANCE :HIGH PROBABILITY STOCK #HAVELLS #DELTACORP #LAURUSLABS :HIGH PROBABILITY STOCK #ICICIGI :HIGH PROBABILITY STOCK #HINDALCO #HDFCLIFE #TATASTEEL #MFSL :HIGH PROBABILITY STOCK #PAGEIND #ALKEM #ASTRAL #ASHOKLEY,"Nov 21, 2023 ┬╖ 10:25 AM UTC",3,0
144,https://twitter.com/MOT_FNO/status/1726908653108916580#m,What to expect from a midcap Bullish trade holding?  - BTST midcap 9475 & 9500 CE  #BTST #MIDCAP #OptionsTrading #Reliance,"Nov 21, 2023 ┬╖ 10:21 AM UTC",0,1
145,https://twitter.com/Savukkumedia/status/1726907980082454644#m,роЗроЯ роТродрпБроХрпНроХрпАроЯрпБ роорпВро▓рооро╛роХ роХрпБроЯрпБродрпНродро╛ро▓рпН..... роЕродрпИ роЕро╡ро░рпНроХро│рпН роЪрпЖро▒ро┐ро╡ро▒ роЪрпЖропрпНро╡ро╛ро░рпНроХро│ро╛ ...? SAVUKKU MEDIA  LINK : https://youtu.be/9luWnJmBSQ0?feature=shared #ravicongress #ambani #athani #congress #rahulgandhi #reliance #athaninews #savukkumedia #savukkunews #savukkuonline,"Nov 21, 2023 ┬╖ 10:18 AM UTC",6,0
146,https://twitter.com/DrRijuDutta_TMC/status/1726907903318405402#m,"ЁЭРБЁЭРЮЁЭРзЁЭРаЁЭРЪЁЭРе ЁЭРжЁЭРЮЁЭРЪЁЭРзЁЭРм ЁЭРБЁЭРоЁЭРмЁЭРвЁЭРзЁЭРЮЁЭРмЁЭРм тА╝я╕П  Sh. Mukesh Ambani - Chairman, Reliance Group joins The HonтАЩble CM of West Bengal, Ms. Mamata Banerjee for the inauguration of the 7th Edition of тАЬBengal Global Business Summit (BGBS)тАЭ 2023тА╝я╕П ржЬржпрж╝ ржмрж╛ржВрж▓рж╛ ЁЯЩПЁЯП╗ #BGBS #Reliance","Nov 21, 2023 ┬╖ 10:18 AM UTC",200,18
147,https://twitter.com/YakshuGarg/status/1726907870653096152#m,#Reliance,"Nov 21, 2023 ┬╖ 10:18 AM UTC",0,0
148,https://twitter.com/Mr_Maurya16/status/1726900557087170726#m,Mota bhai in his own mood ЁЯЪАЁЯШЬ! #reliance #StockMarket #motabhai,"Nov 21, 2023 ┬╖ 9:49 AM UTC",2,0
149,https://twitter.com/Sahilpahwa09/status/1726899933633212446#m,2380-2400 is resistance zone...!!! once this taken out!!! we see a 100 points rally!!!! #Reliance,"Nov 21, 2023 ┬╖ 9:46 AM UTC",31,1
150,https://twitter.com/ShareAnalogy/status/1726897977833263277#m,"#Reliance is strong and can soon reach 2430 around   Having a high confidence of this and also had shared a detailed analysis on this.   A future position can be safe as can be confident to carry throughout the day, but a position in option can be safe as well if you can and are aware of the risk.  This is my view and I am having a view on this. Do your research before any trades or an opinion on my thoughts  #Futures #PositionalView #OptionsTrading #Optionbuying #BTST #STBT","Nov 21, 2023 ┬╖ 9:38 AM UTC",1,0
151,https://twitter.com/manzoor0311/status/1726895374680674457#m,#stockmarkets @ZeeBusiness @iamrakeshbansal  Chalo aakhir 3 mahine ke bad finally Anil ji ko #iex achchha lag raha haiЁЯШГЁЯШГЁЯШГЁЯШГ @SandeepWagle9 ЁЯШГЁЯШЭ warna darshak to dar kar hath hee nahi laga rahe theЁЯШВЁЯдгЁЯШЭ #NiftyBank #reliance,"Nov 21, 2023 ┬╖ 9:28 AM UTC",0,0
152,https://twitter.com/Smartprix/status/1726892910539657495#m,Reliance Jio is reportedly working on a 'cloud laptop' https://smpx.to/NY7P3S #RelianceJio #Reliance #CloudLaptop #India,"Nov 21, 2023 ┬╖ 9:18 AM UTC",50,0
153,https://twitter.com/Rajurgodhani/status/1726892770303099317#m,#StopSpamCalls #SpamCalls #RoboCall #jio #Reliance #ImACelebrity #NarendraModi,"Nov 21, 2023 ┬╖ 9:18 AM UTC",0,0
154,https://twitter.com/Rajurgodhani/status/1726892515431960874#m,Day-34. 1st #RoboCall #SpamCall from @aubankindia for free credit card jo ki nahi chahiye. #StopSpamCalls @AshwiniVaishnaw @TRAI @JioCare @reliancejio #Reliance #NarendraModi #ImACelebrity #stockmarkets #SanjuSamson #DunkiDrop2 #SinghamAgain #WorldTelevisionDay #TeamBaan,"Nov 21, 2023 ┬╖ 9:17 AM UTC",0,1
155,https://twitter.com/TheAmolBhushan/status/1726890735595860415#m,Check out my #RELIANCE analysis on @TradingView: https://www.tradingview.com/x/stnL8fLH/,"Nov 21, 2023 ┬╖ 9:10 AM UTC",0,1
156,https://twitter.com/nitinnaresh/status/1726884380935922170#m,https://www.inventiva.co.in/trends/blackrock-ceo-larry-finks-second-strategic-visit-to-india-a-growing-partnership-with-reliance-industries/ #trending #blackrockindia #jiofinancial #jio #reliance #larryfinkvisit #digitalinvestment #reliancepartnership #cop28summit,"Nov 21, 2023 ┬╖ 8:44 AM UTC",0,0
157,https://twitter.com/SPGCIOil/status/1726883410768019860#m,"Middle East #diesel exports to Europe slump on refinery disruptions, #US supplies  ЁЯФ╣#Naphtha, #gasoline shipments up on month ЁЯФ╣Maintenance at SATORP, India's #Reliance ЁЯФ╣Outlook for year-end mixed  Read here: https://okt.to/2AKoVa","Nov 21, 2023 ┬╖ 8:41 AM UTC",14,0
158,https://twitter.com/bongtechhub/status/1726882464201953363#m,"Reliance Jio is going to launch their new 'Cloud Laptop' in India very soon, priced around 15,000 ЁЯдЧ #Reliance #Jio #CloudLaptop","Nov 21, 2023 ┬╖ 8:37 AM UTC",1,0
159,https://twitter.com/PatakotaV/status/1726882080062316682#m,#Reliance #RelianceIndustries  Now to 2382 after touching 2225 few days ago #markets #Nifty50,"Nov 21, 2023 ┬╖ 8:35 AM UTC",0,0
160,https://twitter.com/AnandBhaav/status/1726881856396964320#m,#рдЖрдирдВрджрднрд╛рд╡ #StockMarket #Reliance #KaleenBhaiya,"Nov 21, 2023 ┬╖ 8:34 AM UTC",57,2
161,https://twitter.com/Gapntrend/status/1726881555136553350#m,Trading above 2350. 1st Target 2470 and then 2570 #reliance #banknifty #nifty50 #NiftyBank #StocksInFocus #StocksToBuy #stockstowatch #PSUBANks #StockMarketindia #StocksInFocus #StocksToTrade,"Nov 21, 2023 ┬╖ 8:33 AM UTC",1,1
162,https://twitter.com/beingakash26_/status/1726880905976037887#m,#REL #RELIANCE BOOM  BOUGHT AT 2365.20 HIGH MADE SO FAR 2388 LOT SIZE 250  #HADC #INDICATOR #nifty50 #banknifty #mcx #trading #OptionsTrading,"Nov 21, 2023 ┬╖ 8:31 AM UTC",3,0
163,https://twitter.com/arbindtiwariT/status/1726880792637517956#m,What Are You Thinking???  Can #RelianceIndustries #reliance Jump 15-20% Within A Month Or 2 Months????  Think ....  Follow Me Dear On Twitter @arbindtiwariT,"Nov 21, 2023 ┬╖ 8:30 AM UTC",4,0
164,https://twitter.com/jindalmohit/status/1726878017916424307#m,#StocksbyMJ #RIL #RelianceIndustries #reliance   Reliance Industries Ltd: Breakout from descending channel. Crossing 50 week EMA &  Daily POC. Divergence in RSI.   #stockstowatch #stocks #StocksToTrade #trading #TradingView #TRADINGTIPS #TradingSignals #tradingideas #Trades #Traders #BreakoutStock #BREAKOUTSTOCKS #NSE #nseindia #Indian #stocksinfocus #indianequity #StockMarketindia #stockmarkets #StockMarket #stockmarkettrading #Technicalview #finance #nifty @tradingview @in_tradingview,"Nov 21, 2023 ┬╖ 8:19 AM UTC",9,0
165,https://twitter.com/9amPrime/status/1726875299189797047#m,#Investing #StockMarketindia #TCS or #Reliance ?  Which will deliver better returns over the next decade?,"Nov 21, 2023 ┬╖ 8:08 AM UTC",2,0
166,https://twitter.com/RelianceDigital/status/1726864172611424624#m,"Imagine a world without the glow of the screen, the laughter of sitcoms, the drama, or the thrills. This World Television Day, let's celebrate the worlds we get transferred into at the click of a button.  #WorldTelevisionDay #TelevisionDay #Reliance #RelianceDigital #Technology","Nov 21, 2023 ┬╖ 7:24 AM UTC",4,0
167,https://twitter.com/Krishnaa_VK/status/1726863958911656030#m,Expecting #Reliance to fall below 2300-2280 levels one more time. CMP 2385 #Nifty,"Nov 21, 2023 ┬╖ 7:23 AM UTC",1,0
168,https://twitter.com/ChikouTrader/status/1726863185318477868#m,This is Positional Trade Sir.  #Reliance,"Nov 21, 2023 ┬╖ 7:20 AM UTC",1,1
169,https://twitter.com/jd54patel/status/1726860250253603068#m,Upcoming IPO's ЁЯТ╡ЁЯТе 1. #TataTechnologies  2. #IREDA  3. #Gandhar Oil 4. #FedBank 5. #Flair #BREAKOUTSTOCKS #Nifty #IPOAlert #ipoupdates #IRCTC #Reliance,"Nov 21, 2023 ┬╖ 7:09 AM UTC",0,0
170,https://twitter.com/tfuelcharge/status/1726859566489743771#m,Down fall lead by #Reliance #hdfc #adanigroup #Sbi #bajaj,"Nov 21, 2023 ┬╖ 7:06 AM UTC",0,0
171,https://twitter.com/ScalperMarket/status/1726859508566327416#m,#Reliance  looks bullish target 2460,"Nov 21, 2023 ┬╖ 7:06 AM UTC",1,0
172,https://twitter.com/DalRoti_Tech/status/1726859506423091341#m,21-NOV-2023 DAILY UPDATE DAY - 24 #nifty50 #Nifty500 #banknifty #GIFTNIFTY #optionbuying #optiontrading #optiontrader #StockMarket #StockMarketindia #HDFCBank #Sensex #Reliance #ITC #TataMotors #unitedspirits #asianpaint #nykaa #SBI #DALROTI #algotrading #finnifty,"Nov 21, 2023 ┬╖ 7:06 AM UTC",2,0
173,https://twitter.com/ChikouTrader/status/1726858655813996758#m,"ЁЯЫС Momentum started ЁЯТе  #Reliance : This will lead #Nifty.  Don't miss this trade.  SL is must, position sizing is more important.  тЩ╗я╕ПRT this tweet & spread the knowledge.","Nov 21, 2023 ┬╖ 7:02 AM UTC",7,3
174,https://twitter.com/MyFnO/status/1726858367568601478#m,#RELIANCE #doublewhammy ..  call short covering (blues) + put long buildup (greens),"Nov 21, 2023 ┬╖ 7:01 AM UTC",3,1
175,https://twitter.com/MyFnO/status/1726858032204722546#m,#RELIANCE on the move ЁЯЪА,"Nov 21, 2023 ┬╖ 7:00 AM UTC",12,1
176,https://twitter.com/ContextualizePb/status/1726857342858526730#m,"ЁЯСЙ Reliance Target 2390, 2420;  #Reliance","Nov 21, 2023 ┬╖ 6:57 AM UTC",1,0
177,https://twitter.com/JigyasuDpka/status/1726856895095320796#m,"Day timeline breakout in #Reliance Golden Gate, above MACD... Crossing 2420 then fly high in the sky.  #nifty50 #NSE","Nov 21, 2023 ┬╖ 6:55 AM UTC",2,1
178,https://twitter.com/dadankumar1/status/1726854714334314684#m,#titan #Reliance #zydus #UPL,"Nov 21, 2023 ┬╖ 6:47 AM UTC",3,0
179,https://twitter.com/jschanan/status/1726854498617004224#m,"#Reliance   ЁЯЗоЁЯЗ│ on the #NSE, #Block of 54325 shares at Rs. 2380 worth 12.93 crore rupees at  12:06 PM  #blockdeal #intraday #bigblock","Nov 21, 2023 ┬╖ 6:46 AM UTC",0,0
180,https://twitter.com/TA_Purvesh/status/1726852603936645594#m,"#relianceindustries futures from 2367 to 2384  #reliance 2360ce from 22.5 to 33  even in the dead market, I am finding some good trades.","Nov 21, 2023 ┬╖ 6:38 AM UTC",20,1
181,https://twitter.com/Jansatta/status/1726851759212281947#m,"Jio рдХреА рдмрдбрд╝реА рдкреНрд▓рд╛рдирд┐рдВрдЧ! рдЬрд▓реНрдж рдЖ рд░рд╣рд╛ 15000 рд╡рд╛рд▓рд╛ рдирдпрд╛ Jio Cloud рд▓реИрдкрдЯреЙрдк, рд╣рд╛рд░реНрдбрд╡реЗрдпрд░ рдХреА рдЬрд░реВрд░рдд рд╣реЛрдЧреА рдЦрддреНрдо  https://www.jansatta.com/technology-news/reliance-jio-cloud-laptop-launch-soon-price-15000-rupees-reveals-report/3087434/ #Reliance #Jiobook #JioCloudLaptop","Nov 21, 2023 ┬╖ 6:35 AM UTC",0,0
182,https://twitter.com/JioGenNext/status/1726851475693883704#m,Startups often operate with limited resources and face dynamic market conditions. Kaizen's approach offers a structured framework for identifying and addressing inefficiencies and reducing costs.  #JioGenNext #StartupDictionary #StartupLingos #Reliance #Jio,"Nov 21, 2023 ┬╖ 6:34 AM UTC",6,2
183,https://twitter.com/tsarun1992/status/1726847490253873197#m,"#RELIANCE - CMP 2379  The time correction looks like it's almost completed.   Can tend to break out above the blue circle zone sooner or later.  Inverse HnS pattern formation is seen. Though too early, looks possible.","Nov 21, 2023 ┬╖ 6:18 AM UTC",2,1
184,https://twitter.com/valuerupee/status/1726846469200904297#m,Swing buy #RELIANCE IND @2381 sl 2361 target 2455-2480,"Nov 21, 2023 ┬╖ 6:14 AM UTC",1,0
185,https://twitter.com/ShortCartels/status/1726844545525018830#m,NSE:ICICIPRULI23NOV555PE OPTION BUY   CPM 7.25   TARGET 8.50 TO 9.40  STOP LOSS 6.50 ЁЯУ╖ #tatachem #sbin #vedl #tatamotors #zeel #ITC #NTPC #reliance #mrf #nifty #banknifty #finnifty #Britannia #stocktowatch #gnfc #adaniports #stocks #sail #coalindia #DLF #voltas #crude #crudeoil,"Nov 21, 2023 ┬╖ 6:06 AM UTC",0,0
186,https://twitter.com/MoneycontrolH/status/1726839069748187416#m,#MarketsWithMC: рдореЛрдЯрд╛ рдореБрдирд╛рдлрд╛ рдХрдорд╛рдиреЗ рдХреА рд▓рд┐рдП рдПрдХреНрд╕рдкрд░реНрдЯреНрд╕ рдиреЗ рджреА рдЗрди рд╕реНрдЯреЙрдХреНрд╕ рдкрд░ рджрд╛рдВрд╡ рд▓рдЧрд╛рдиреЗ рдХреА рд╕рд▓рд╛рд╣ @NSEIndia @BSEIndia @TitanCompanyLtd #unominda #sharemarket #stockstowatch #stockstobuy #tradingtips #trading #reliance #titan #moneycontrol https://hindi.moneycontrol.com/news/markets/these-4-trades-will-give-profit-in-the-rising-market-titan-reliance-chambal-fertilizer-uno-minda-are-experts-big-bets-for-today-1614341.html,"Nov 21, 2023 ┬╖ 5:44 AM UTC",1,0
187,https://twitter.com/ThelmaLobo_ed/status/1726836941856137481#m,"In a bizarre reminder of the two business houses considered closest to #Modi, one end of the #stadium bears #AdaniтАЩs name while the other is #Ambani's #Reliance. #BJP #Modani scams ЁЯШбЁЯШбЁЯШб","Nov 21, 2023 ┬╖ 5:36 AM UTC",0,0
188,https://twitter.com/ThelmaLobo_ed/status/1726836630022181163#m,"In a bizarre reminder of the two business houses considered closest to #Modi, one end of the #stadium bears #AdaniтАЩs name while the other is #Ambani's #Reliance.  https://m.thewire.in/article/sport/sardar-patel-cricket-stadium-in-ahmedabad-renamed-after-narendra-modi/amp#amp_tf=From%20%251%24s&aoh=17005442155532&referrer=https%3A%2F%2Fwww.google.com","Nov 21, 2023 ┬╖ 5:35 AM UTC",0,0
189,https://twitter.com/Rakz_27/status/1726835519315943843#m,Reliance broke the resistance. Targets 2381 and 2390 as immediate resistance range and 2410 as my final t-1  #Reliance #StockMarketindia #stocks,"Nov 21, 2023 ┬╖ 5:30 AM UTC",5,2
190,https://twitter.com/thehindubiz/status/1726835350817898758#m,The Reserve Bank of India (#RBI) has ordered an arms length distance between Hinduja group-run IndusInd Bank Ltd. and #Reliance Capital - the debt-laden firm the conglomerate is acquiring in an insolvency proceeding.  https://trib.al/PDiL3gm,"Nov 21, 2023 ┬╖ 5:30 AM UTC",0,1
191,https://twitter.com/OnlyVimal_India/status/1726835329762763248#m,"Set the streets on fire in vibrant red! This shacketfeatures metal snap buttons and two patch pockets. Pair it with slightly loose-fitting, checkered trousers and you've got yourself a head-turner. #OnlyVimalSuitsYou #Reliance #RelianceIndustries #OnlyVimal","Nov 21, 2023 ┬╖ 5:30 AM UTC",2,1
192,https://twitter.com/ContextualizePb/status/1726834873279660066#m,ЁЯСЙ Buy Reliance @ 2376;  #Reliance,"Nov 21, 2023 ┬╖ 5:28 AM UTC",1,1
193,https://twitter.com/divyeshshahs/status/1726834527891492892#m,How To Trade ? #INTRADAY #TradingView #TRADINGTIPS #banknifty #NiftyBank #Nifty #Reliance #finnifty #sensex #midcapnifty #optiontrading #Optionselling #optionbuying,"Nov 21, 2023 ┬╖ 5:26 AM UTC",1,0
194,https://twitter.com/thenewsdrum/status/1726824418901627105#m,Share market rebound in early trade after two days of fall  #ShareMarket #Sensex #Nifty #Reliance #ADANIENT #Titan #Maruti https://www.newsdrum.in/business/markets-rebound-in-early-trade-after-two-days-of-fall-1702796,"Nov 21, 2023 ┬╖ 4:46 AM UTC",0,0
195,https://twitter.com/divyeshshahs/status/1726821172883632319#m,WORK hard Now enjoy Later  #intradaytrading #nse #bse #TradingView #tradingstrategy #banknifty #Nifty #hdfc #Reliance #INDvAUS https://youtube.com/shorts/1slc4MX1eNo?feature=shared,"Nov 21, 2023 ┬╖ 4:33 AM UTC",1,0
196,https://twitter.com/Niftymetals/status/1726821125072851134#m,#optiontrade #optionstrade #nifty50 #banknifty #finnifty #StocksToBuy #StocksToTrade #moneycontrol #GIFTNIFTY #TradingView #finnifty #reliance  Reliance  2360 CE ЁЯСЗЁЯСЗЁЯСЗЁЯСЗ,"Nov 21, 2023 ┬╖ 4:33 AM UTC",0,0
197,https://twitter.com/ShortCartels/status/1726820886261735546#m,STOCK TRADE  .(JUST VIEW)ЁЯдйЁЯУ╖#tatachem #sbin #vedl #tatamotors #zeel #ITC #NTPC #reliance #mrf #nifty #banknifty #finnifty #godrejconsumer #Britannia #stocktowatch #gnfc #adaniports #stocks #sail #coalindia #DLF #voltas #crude #crudeoil,"Nov 21, 2023 ┬╖ 4:32 AM UTC",0,0
198,https://twitter.com/tfuelcharge/status/1726820739943424457#m,Today #HDFC #Bajaj #Adani #Reliance #ICICI #AdaniGroup brings the market down. Strong down side today. #FED also pull the market today,"Nov 21, 2023 ┬╖ 4:32 AM UTC",0,1
199,https://twitter.com/Tradetalkss/status/1726819521137394117#m,#RELIANCE  Breakout or resistance ?   How do you think the stock will move ?,"Nov 21, 2023 ┬╖ 4:27 AM UTC",9,2
200,https://twitter.com/Kartik10081/status/1726819481484501093#m,#reliance and #hdfcbank to take #nifty to all time high?,"Nov 21, 2023 ┬╖ 4:27 AM UTC",2,0
201,https://twitter.com/kap58627/status/1726819049613705598#m,@AmbaniTina  Seriously! Check this border line and let me know if it looks horizontal. So how come you say it was delivered without defect?? #ajio #Reliance,"Nov 21, 2023 ┬╖ 4:25 AM UTC",0,1
202,https://twitter.com/Hackveda/status/1726817447636881870#m,"""Experiencing timeout issues with @OpenAI API. Need assistance ASAP! #techsupport"". Please follow @hackveda #RELIANCE #BreakoutStocks #StocksToBuy #stocksinfocus #stockstowatch","Nov 21, 2023 ┬╖ 4:18 AM UTC",1,0
203,https://twitter.com/SpearmanFinance/status/1726816709351182501#m,"#Reliance Industries is on the move, forming an inverted head and shoulder in shorter time frame. Swing in Reliance is already discussed here: https://youtu.be/PElqjVYdFj0","Nov 21, 2023 ┬╖ 4:16 AM UTC",0,0
